depa,prov,dis,segu,inde,analf15,pob
Amazonas,Bagua,Aramango,5057,54.61,13.81,11442
Amazonas,Bagua,Copallin,2593,35.05,13.46,6126
Amazonas,Bagua,El Parco,524,20.91,12.17,1274
Amazonas,Bagua,Imaza,11294,47.94,17.29,21409
Amazonas,Bagua,La Peca,14310,36.51,7.62,31506
Amazonas,Bongará,Chisquilla,206,42.95,3.29,346
Amazonas,Bongará,Churuja,155,47.62,8.47,272
Amazonas,Bongará,Corosha,325,59.11,13.51,712
Amazonas,Bongará,Cuispes,238,51.08,9.37,782
Amazonas,Bongará,Florida,1286,59.85,11.12,6199
Amazonas,Bongará,Jazán,3079,46.29,5.57,8332
Amazonas,Bongará,Jumbilla,888,45.06,5.38,1569
Amazonas,Bongará,Recta,153,39.06,4.68,231
Amazonas,Bongará,San Carlos,119,61.15,10.57,367
Amazonas,Bongará,Shipasbamba,514,45.32,10.24,1350
Amazonas,Bongará,Valera,419,55.06,9.43,1262
Amazonas,Bongará,Yambrasbamba,1724,56.49,11.81,6043
Amazonas,Chachapoyas,Asunción,189,47.59,13.11,289
Amazonas,Chachapoyas,Balsas,751,55.82,13.47,1401
Amazonas,Chachapoyas,Chachapoyas,12170,26.71,4.38,23939
Amazonas,Chachapoyas,Cheto,268,49.58,7.16,582
Amazonas,Chachapoyas,Chiliquín,456,58.2,13.46,851
Amazonas,Chachapoyas,Chuquibamba,1168,55.34,7.4,2074
Amazonas,Chachapoyas,Granada,139,47.75,14.71,426
Amazonas,Chachapoyas,Huancas,176,50.39,10.2,809
Amazonas,Chachapoyas,La Jalca,2376,58.21,13.36,5344
Amazonas,Chachapoyas,Leimebamba,1816,43.86,11.26,3918
Amazonas,Chachapoyas,Levanto,511,63.22,15.58,945
Amazonas,Chachapoyas,Magdalena,399,34.08,9.93,880
Amazonas,Chachapoyas,Mariscal Castilla,469,59.01,10.37,1132
Amazonas,Chachapoyas,Molinopampa,1215,57.68,11.48,2501
Amazonas,Chachapoyas,Montevideo,286,43.85,6.2,691
Amazonas,Chachapoyas,Olleros,239,60.8,16.21,355
Amazonas,Chachapoyas,Quinjalca,327,57.91,15.51,934
Amazonas,Chachapoyas,San Francisco de Daguas,124,50.42,9.17,302
Amazonas,Chachapoyas,San Isidro de Maino,237,56.43,9.3,686
Amazonas,Chachapoyas,Soloco,606,60.63,11.68,1413
Amazonas,Chachapoyas,Sonche,140,53.06,15.65,228
Amazonas,Condorcanqui,El Cenepa,4616,57.78,21.9,8513
Amazonas,Condorcanqui,Nieva,11047,54.9,17.55,22192
Amazonas,Condorcanqui,Río Santiago,7281,48.58,19.6,12606
Amazonas,Luya,Camporredondo,1868,31.49,14.24,6076
Amazonas,Luya,Cocabamba,929,45.78,15.65,2240
Amazonas,Luya,Colcamar,827,65.07,15.53,2395
Amazonas,Luya,Conila,936,71.64,17.65,2033
Amazonas,Luya,Inguilpata,355,66.67,11.15,694
Amazonas,Luya,Lámud,1398,36.25,13.51,2319
Amazonas,Luya,Longuita,396,60,12.88,946
Amazonas,Luya,Lonya Chico,620,66.91,14.58,1051
Amazonas,Luya,Luya,2337,60.62,13.91,4153
Amazonas,Luya,Luya Viejo,357,65.1,14.67,413
Amazonas,Luya,María,357,48.24,7.71,855
Amazonas,Luya,Ocalli,1476,52.51,11.32,3622
Amazonas,Luya,Ocumal,2037,52.82,14.24,3781
Amazonas,Luya,Pisuquía,2385,52.58,16.73,5432
Amazonas,Luya,Providencia,590,57.11,13.83,1448
Amazonas,Luya,San Cristóbal,455,64.81,17.04,707
Amazonas,Luya,San Francisco del Yeso,269,42.76,25.52,793
Amazonas,Luya,San Jerónimo,672,57.04,14.71,947
Amazonas,Luya,San Juan de Lopecancha,206,58.85,10.71,553
Amazonas,Luya,Santa Catalina,675,56.87,12.25,1698
Amazonas,Luya,Santo Tomás,1616,65.36,12.16,3670
Amazonas,Luya,Tingo,586,43.8,12,1212
Amazonas,Luya,Trita,888,63.7,15.85,1290
Amazonas,Rodríguez de Mendoza,Chirimoto,530,62.56,8.83,1842
Amazonas,Rodríguez de Mendoza,Cochamal,237,56.58,3.56,545
Amazonas,Rodríguez de Mendoza,Huambo,1104,38.89,11.24,3168
Amazonas,Rodríguez de Mendoza,Limabamba,832,48.91,6.49,2629
Amazonas,Rodríguez de Mendoza,Longar,934,45.93,5.17,1747
Amazonas,Rodríguez de Mendoza,Mariscal Benavides,774,42.98,8.35,1496
Amazonas,Rodríguez de Mendoza,Milpuc,206,65.33,6.58,671
Amazonas,Rodríguez de Mendoza,Omia,1583,48.26,9.16,7053
Amazonas,Rodríguez de Mendoza,San Nicolás,2103,44.36,4.72,4837
Amazonas,Rodríguez de Mendoza,Santa Rosa,145,50.99,10.78,540
Amazonas,Rodríguez de Mendoza,Totora,238,54.35,2.55,490
Amazonas,Rodríguez de Mendoza,Vista Alegre,260,48.33,12.5,1371
Amazonas,Utcubamba,Bagua Grande,19867,41.95,11.46,47336
Amazonas,Utcubamba,Cajaruro,10952,44.61,13.99,26735
Amazonas,Utcubamba,Cumba,4061,49.06,13.86,9070
Amazonas,Utcubamba,El Milagro,2819,23.99,11.77,5847
Amazonas,Utcubamba,Jamalca,3135,47.21,15.34,7554
Amazonas,Utcubamba,Lonya Grande,4430,46.21,14.23,9437
Amazonas,Utcubamba,Yamón,1462,29.39,13.92,3064
Áncash,Aija,Aija,909,33.84,5.66,2036
Áncash,Aija,Coris,718,58.04,11,2121
Áncash,Aija,Huacllán,179,46.85,6.59,556
Áncash,Aija,La Merced,744,35.2,9.56,2377
Áncash,Aija,Succha,277,54.3,5.85,905
Áncash,Antonio Raymondi,Aczo,997,48.69,18.04,2378
Áncash,Antonio Raymondi,Chaccho,859,35.4,20.34,1927
Áncash,Antonio Raymondi,Chingas,737,56.62,17.2,2074
Áncash,Antonio Raymondi,Llamellin,1558,37.98,14.85,3849
Áncash,Antonio Raymondi,Mirgas,2582,69.95,26.96,5235
Áncash,Antonio Raymondi,San Juan de Rontoy,805,38.85,21.76,1596
Áncash,Asunción,Acochaca,1484,53.36,35.45,3720
Áncash,Asunción,Chacas,2205,36.02,23.45,5334
Áncash,Bolognesi,Abelardo Pardo Lezameta,169,45.06,1.96,678
Áncash,Bolognesi,Antonio Raymondi,129,65.63,14.32,1193
Áncash,Bolognesi,Aquia,747,23.02,11.03,2860
Áncash,Bolognesi,Cajacay,424,45.09,12.13,1686
Áncash,Bolognesi,Canis,193,35.02,4.92,691
Áncash,Bolognesi,Chiquián,1326,31.86,6.11,4087
Áncash,Bolognesi,Colquioc,751,53,5.13,3078
Áncash,Bolognesi,Huallanca,2991,24.77,8.26,8249
Áncash,Bolognesi,Huasta,507,29.02,5.47,2425
Áncash,Bolognesi,Huayllacayán,366,64.55,16.78,1276
Áncash,Bolognesi,La Primavera,112,36.12,5.35,657
Áncash,Bolognesi,Mangas,125,54.44,16.27,568
Áncash,Bolognesi,Pacllón,468,21.28,6.32,1522
Áncash,Bolognesi,San Miguel de Corpanqui,165,54.98,1.75,777
Áncash,Bolognesi,Ticllos,162,42.7,9.04,978
Áncash,Carhuaz,Acopampa,370,51.96,19.57,2488
Áncash,Carhuaz,Amashca,172,58.13,33.08,1647
Áncash,Carhuaz,Anta,890,51.69,21.01,2368
Áncash,Carhuaz,Ataquero,313,66.11,30.75,1498
Áncash,Carhuaz,Carhuaz,3238,49.15,26.25,13836
Áncash,Carhuaz,Marcará,2720,54.23,32.22,8634
Áncash,Carhuaz,Pariahuanca,425,42.33,19.33,1501
Áncash,Carhuaz,San Miguel de Aco,606,55.7,33.25,2552
Áncash,Carhuaz,Shilla,817,48.22,42.34,3280
Áncash,Carhuaz,Tinco,638,56.35,16.04,2939
Áncash,Carhuaz,Yungar,885,52.19,23.29,3159
Áncash,Carlos Fermín Fitzcarrald,San Luis,5012,28.83,32.27,12112
Áncash,Carlos Fermín Fitzcarrald,San Nicolás,1708,41.54,28.76,3922
Áncash,Carlos Fermín Fitzcarrald,Yauya,2261,41.76,27.13,5288
Áncash,Casma,Buena Vista Alta,1641,31.63,20.21,3937
Áncash,Casma,Casma,9644,32.63,6.49,28831
Áncash,Casma,Comandante Noel,629,30.63,11.81,2029
Áncash,Casma,Yaután,2414,41.46,15.55,7571
Áncash,Corongo,Aco,140,50,13.92,543
Áncash,Corongo,Bambas,170,33.52,7.23,500
Áncash,Corongo,Corongo,733,37.83,17.38,1824
Áncash,Corongo,Cusca,622,54.77,13.78,2792
Áncash,Corongo,La pampa,352,36.39,13.54,1164
Áncash,Corongo,Yanac,259,41.76,11.67,747
Áncash,Corongo,Yupán,258,49.83,6.97,759
Áncash,Huaraz,Cochabamba,896,49.26,18.1,2047
Áncash,Huaraz,Colcabamba,149,53.72,9.73,653
Áncash,Huaraz,Huanchay,984,64.99,9.52,2517
Áncash,Huaraz,Huaraz,16491,27.58,7.36,56186
Áncash,Huaraz,Independencia,19809,30.89,9.37,62853
Áncash,Huaraz,Jangas,1202,39.78,23.61,4403
Áncash,Huaraz,La Libertad,449,55.46,14.21,1280
Áncash,Huaraz,Olleros,654,58.51,23.18,2581
Áncash,Huaraz,Pampas,281,56.49,7.42,1310
Áncash,Huaraz,Pariacoto,1549,53.94,20.65,4386
Áncash,Huaraz,Pira,798,52.01,22.49,3853
Áncash,Huaraz,Tarica,1707,41.97,22.65,5394
Áncash,Huari,Anra,753,24.76,20.33,1800
Áncash,Huari,Cajay,1126,13.87,29.97,3018
Áncash,Huari,Chavín de Huantar,2675,46.63,28.74,9088
Áncash,Huari,Huacachi,797,21.26,18.58,2111
Áncash,Huari,Huacchis,627,50.64,12.76,2055
Áncash,Huari,Huachis,1427,51.15,25.54,3758
Áncash,Huari,Huantar,924,32.8,23.93,3010
Áncash,Huari,Huari,3166,28.4,16.9,9738
Áncash,Huari,Masin,651,26.4,23.95,1948
Áncash,Huari,Paucas,905,45.28,11.24,2048
Áncash,Huari,Pontó,1396,23.51,21.57,3472
Áncash,Huari,Rahuapampa,272,28.22,11.3,739
Áncash,Huari,Rapayán,828,30.3,12.6,1752
Áncash,Huari,San marcos,4951,27.38,16.45,13607
Áncash,Huari,San Pedro de Chaná,952,37.14,17.95,2668
Áncash,Huari,Uco,448,11.75,16.47,1786
Áncash,Huarmey,Cochapeti,180,56.33,5.14,879
Áncash,Huarmey,Culebras,1201,52.03,6.02,3145
Áncash,Huarmey,Huarmey,8308,34.06,3.68,21666
Áncash,Huarmey,Huayan,262,40.89,6.66,1085
Áncash,Huarmey,Malvas,302,57.65,3.56,1045
Áncash,Huaylas,Caraz,7468,40.44,15.56,23580
Áncash,Huaylas,Huallanca,417,41.3,12.52,955
Áncash,Huaylas,Huata,671,42.82,15.92,1609
Áncash,Huaylas,Huaylas,617,62.2,11.86,1894
Áncash,Huaylas,Mato,796,44.12,16.96,2109
Áncash,Huaylas,Pamparomas,3299,54.47,30.2,8607
Áncash,Huaylas,Pueblo Libre,2890,46.63,32.37,6897
Áncash,Huaylas,Santa Cruz,1905,60.32,34.53,4840
Áncash,Huaylas,Santo Toribio,440,32.57,8.74,1403
Áncash,Huaylas,Yuracmarca,629,64.06,25.42,1835
Áncash,Mariscal Luzuriaga,Casca,3031,53.93,31.22,4301
Áncash,Mariscal Luzuriaga,Eleazar Guzmán Barrón,956,54.41,32.21,1333
Áncash,Mariscal Luzuriaga,Fidel Olivas Escudero,1283,47.74,33.4,2309
Áncash,Mariscal Luzuriaga,Llama,1000,33.6,21.97,1392
Áncash,Mariscal Luzuriaga,Llumpa,3445,55.58,42.09,6066
Áncash,Mariscal Luzuriaga,Lucma,1924,44.48,35.81,3197
Áncash,Mariscal Luzuriaga,Musga,728,31.16,20.08,1094
Áncash,Mariscal Luzuriaga,Piscobamba,2170,22.66,20.77,3600
Áncash,Ocros,Acas,153,44.98,4.81,812
Áncash,Ocros,Cajamarquilla,86,45.45,3.08,429
Áncash,Ocros,Carhuapampa,158,52.5,6.15,752
Áncash,Ocros,Cochas,381,27.32,9.47,1298
Áncash,Ocros,Congas,266,59.84,5.78,1215
Áncash,Ocros,Llipa,146,62.95,2.7,843
Áncash,Ocros,Ocros,403,43.29,8.27,1375
Áncash,Ocros,San Cristóbal de Raján,130,40.31,9.76,572
Áncash,Ocros,San Pedro,497,45.92,2.99,1477
Áncash,Ocros,Santiago de Chilcas,65,52.74,9.49,423
Áncash,Pallasca,Bolognesi,426,22.69,8.64,1367
Áncash,Pallasca,Cabana,822,35.31,8.54,2810
Áncash,Pallasca,Conchucos,2411,32.12,19.68,8027
Áncash,Pallasca,Huacaschuque,189,45.45,12.97,671
Áncash,Pallasca,Huandoval,362,45.1,10.12,1144
Áncash,Pallasca,Lacabamba,339,48.07,11.37,656
Áncash,Pallasca,Llapo,196,37.04,8.14,688
Áncash,Pallasca,Pallasca,824,41.67,13.41,2624
Áncash,Pallasca,Pampas,2001,40.12,16.66,7079
Áncash,Pallasca,Santa rosa,340,49.77,12.03,1150
Áncash,Pallasca,Tauca,796,48.2,11.62,3238
Áncash,Pomabamba,Huayllán,2508,30.25,29.64,3666
Áncash,Pomabamba,Parobamba,4246,75.39,42.19,6861
Áncash,Pomabamba,Pomabamba,9949,34.66,27.59,14933
Áncash,Pomabamba,Quinuabamba,1649,41.22,47.05,2494
Áncash,Recuay,Catac,927,39.93,10.87,4036
Áncash,Recuay,Cotaparaco,205,31.78,7.86,603
Áncash,Recuay,Huayllapampa,293,57.6,16.11,1146
Áncash,Recuay,Llacllín,282,51.07,10.53,1418
Áncash,Recuay,Marca,284,47.88,11.28,1054
Áncash,Recuay,Pampas Chico,360,38.84,10.87,1618
Áncash,Recuay,Pararín,326,64.78,8.47,1251
Áncash,Recuay,Recuay,1754,37.37,11.13,5015
Áncash,Recuay,Tapacocha,134,65.69,17.96,525
Áncash,Recuay,Ticapampa,721,30.82,11.52,2436
Áncash,Santa,Cáceres del Perú,1619,54.67,14.32,5062
Áncash,Santa,Chimbote,72612,31.35,4.24,215817
Áncash,Santa,Coishco,6738,24.08,4.68,14832
Áncash,Santa,Macate,1048,54.24,8.58,3889
Áncash,Santa,Moro,2250,54.29,12.99,7580
Áncash,Santa,Nepeña,7669,28.41,10.11,13860
Áncash,Santa,Nuevo Chimbote,46040,26.79,2.06,113166
Áncash,Santa,Samanco,1636,29.59,6.25,4218
Áncash,Santa,Santa,5461,27.88,7.21,18010
Áncash,Sihuas,Acobamba,718,46.53,15.08,2004
Áncash,Sihuas,Alfonso Ugarte,407,31.72,17.57,874
Áncash,Sihuas,Cashapampa,1582,51.91,31.97,3061
Áncash,Sihuas,Chingalpo,545,38.03,16.17,1155
Áncash,Sihuas,Huayllabamba,2050,58.34,22.27,4227
Áncash,Sihuas,Quiches,1102,64.05,22.97,2779
Áncash,Sihuas,Ragash,1503,61.95,26.76,2769
Áncash,Sihuas,San juan,3704,41.89,39.48,6363
Áncash,Sihuas,Sicsibamba,1073,45.21,25.79,1906
Áncash,Sihuas,Sihuas,2673,32.7,10.9,5562
Áncash,Yungay,Cascapara,408,67.24,32.83,2064
Áncash,Yungay,Mancos,1566,49.79,23.17,7180
Áncash,Yungay,Matacoto,367,46.03,25.4,1482
Áncash,Yungay,Quillo,5533,70.68,45.43,12080
Áncash,Yungay,Ranrahirca,639,31.77,20.06,2818
Áncash,Yungay,Shupluy,890,59.83,32.28,2285
Áncash,Yungay,Yanama,2064,39.14,27.33,6979
Áncash,Yungay,Yungay,4443,52.32,21.5,20075
Apurímac,Abancay,Abancay,27632,31.58,6.46,51225
Apurímac,Abancay,Chacoche,944,34.67,19.97,1213
Apurímac,Abancay,Circa,1874,53.11,26.44,2498
Apurímac,Abancay,Curahuasi,10369,46.63,24.34,16532
Apurímac,Abancay,Huanipaca,2429,46.36,25.17,4515
Apurímac,Abancay,Lambrama,2166,42.1,25.46,5043
Apurímac,Abancay,Pichirhua,3273,61.09,26.58,4154
Apurímac,Abancay,San Pedro de Cachora,1683,37.09,23.75,3531
Apurímac,Abancay,Tamburco,3839,34.65,8.86,7353
Apurímac,Andahuaylas,Andahuaylas,16631,39.41,13.01,37260
Apurímac,Andahuaylas,Andarapa,4277,54.99,29.87,6441
Apurímac,Andahuaylas,Chiara,1036,30.95,28.2,1342
Apurímac,Andahuaylas,Huancarama,3366,44.47,26.55,7078
Apurímac,Andahuaylas,Huancaray,3005,51.89,29.68,4387
Apurímac,Andahuaylas,Huayana,728,57.14,24.35,961
Apurímac,Andahuaylas,Kaquiabamba,870,27.87,29.67,2410
Apurímac,Andahuaylas,Kishuara,5287,16.82,29.02,8033
Apurímac,Andahuaylas,Pacobamba,2257,39.16,27.08,4961
Apurímac,Andahuaylas,Pacucha,4902,44.03,29.58,9841
Apurímac,Andahuaylas,Pampachiri,1875,29.23,25.62,2478
Apurímac,Andahuaylas,Pomacocha,565,39.71,23.18,972
Apurímac,Andahuaylas,San Antonio de cachi,2092,54.61,26.08,3186
Apurímac,Andahuaylas,San Jerónimo,10442,35.69,24.51,20357
Apurímac,Andahuaylas,San Miguel de Chaccrampa,1161,26.59,33.37,1850
Apurímac,Andahuaylas,Santa María de Chicmo,4577,32.45,25.7,9430
Apurímac,Andahuaylas,Talavera,9051,28.21,19.74,16649
Apurímac,Andahuaylas,Tumay Huaraca,1346,49.28,29.29,2144
Apurímac,Andahuaylas,Turpo,2897,53.83,24.87,4066
Apurímac,Antabamba,Antabamba,1877,34.1,21.26,3166
Apurímac,Antabamba,El oro,223,36.13,14.81,516
Apurímac,Antabamba,Huaquirca,819,10.51,21.23,1463
Apurímac,Antabamba,Juan Espinoza Medrano,1039,29.96,22.83,1975
Apurímac,Antabamba,Oropesa,1264,22.79,25.88,2518
Apurímac,Antabamba,Pachaconas,657,52.03,14.41,1174
Apurímac,Antabamba,Sabaino,754,40.41,22.39,1455
Apurímac,Aymaraes,Capaya,384,50.71,12.2,729
Apurímac,Aymaraes,Caraybamba,631,50.1,18.34,1295
Apurímac,Aymaraes,Chalhuanca,2293,35.88,11,4558
Apurímac,Aymaraes,Chapimarca,1251,10.71,29.99,2221
Apurímac,Aymaraes,Colcabamba,488,36.24,28.93,786
Apurímac,Aymaraes,Cotaruse,2409,30.8,15.88,4049
Apurímac,Aymaraes,Huayllo,371,39.15,15.12,634
Apurímac,Aymaraes,Justo Apu Sahuaraura,770,64.2,23.13,1037
Apurímac,Aymaraes,Lucre,1233,52.33,34.58,2069
Apurímac,Aymaraes,Pocohuanca,772,25.17,20.38,1158
Apurímac,Aymaraes,San Juan de Chacña,321,24.48,35.63,908
Apurímac,Aymaraes,Sañayca,484,59.83,27.57,1299
Apurímac,Aymaraes,Soraya,344,58.74,26.22,771
Apurímac,Aymaraes,Tapairihua,1613,59.28,32.44,2131
Apurímac,Aymaraes,Tintay,1982,50.68,29.8,3052
Apurímac,Aymaraes,Toraya,938,29.84,29.79,1690
Apurímac,Aymaraes,Yanaca,595,24.82,20.22,1182
Apurímac,Chincheros,Anco-huallo,4727,45.06,21.97,10898
Apurímac,Chincheros,Chincheros,2743,35.09,19.83,5706
Apurímac,Chincheros,Cocharcas,1267,50,19.39,2254
Apurímac,Chincheros,Huaccana,4306,50.15,20.78,9200
Apurímac,Chincheros,Ocobamba,4313,44.65,25.57,7901
Apurímac,Chincheros,Ongoy,4195,44.55,26.36,7942
Apurímac,Chincheros,Ranracancha,2508,46.3,34.71,4642
Apurímac,Chincheros,Uranmarca,1805,52.68,25.94,3040
Apurímac,Cotabambas,Challhuahuacho,5100,16.75,34.93,7321
Apurímac,Cotabambas,Cotabambas,2195,54.44,24.48,4166
Apurímac,Cotabambas,Coyllurqui,4284,31.25,33.17,7494
Apurímac,Cotabambas,Haquira,6694,31.36,29.59,10437
Apurímac,Cotabambas,Mara,3838,52.45,31.1,6141
Apurímac,Cotabambas,Tambobamba,6725,45.58,40.35,10212
Apurímac,Grau,Chuquibambilla,3530,43.31,16.58,5490
Apurímac,Grau,Curasco,764,59.83,32.59,1469
Apurímac,Grau,Curpahuasi,1211,52.7,33.66,2337
Apurímac,Grau,Gamarra,2314,53.35,25.09,3965
Apurímac,Grau,Huayllati,1184,29.01,34.7,1830
Apurímac,Grau,Mamara,460,30.33,32.4,938
Apurímac,Grau,Micaela Bastidas,336,60.6,21.17,1255
Apurímac,Grau,Pataypampa,698,56.84,22.38,1022
Apurímac,Grau,Progreso,1444,52.94,33.7,2723
Apurímac,Grau,San Antonio,218,23.53,15.79,361
Apurímac,Grau,Santa Rosa,531,45.71,25.5,712
Apurímac,Grau,Turpay,374,40.84,20,777
Apurímac,Grau,Vilcabamba,532,20.14,11.68,1213
Apurímac,Grau,Virundo,533,34.46,22.11,998
Arequipa,Arequipa,Alto Selva Alegre,30329,27.85,2.67,72696
Arequipa,Arequipa,Arequipa,35038,13.75,0.72,61519
Arequipa,Arequipa,Cayma,33086,25.23,3.53,74776
Arequipa,Arequipa,Cerro Colorado,46843,27.33,3.37,113171
Arequipa,Arequipa,Characato,2489,29.1,4.42,6726
Arequipa,Arequipa,Chiguata,1002,35.61,10.05,2686
Arequipa,Arequipa,Jacobo Hunter,18562,27.39,4.18,46092
Arequipa,Arequipa,José Luis Bustamante y Rivero,40798,17.37,1.59,76410
Arequipa,Arequipa,La Joya,7685,20.65,7.14,24192
Arequipa,Arequipa,Mariano Melgar,21351,28.07,2.85,52144
Arequipa,Arequipa,Miraflores,21584,26,2.62,50704
Arequipa,Arequipa,Mollebaya,418,34.7,4.74,1410
Arequipa,Arequipa,Paucarpata,44920,32.42,3.86,120446
Arequipa,Arequipa,Pocsi,305,49.37,6.32,602
Arequipa,Arequipa,Polobaya,577,31.88,7.19,1445
Arequipa,Arequipa,Quequeña,501,20.75,3.25,1219
Arequipa,Arequipa,Sabandia,1548,25.89,5.26,3699
Arequipa,Arequipa,Sachaca,8150,19.87,4.19,17537
Arequipa,Arequipa,San Juan de Siguas,439,22.2,5.71,1295
Arequipa,Arequipa,San Juan de Tarucani,674,40.48,9.54,2129
Arequipa,Arequipa,Santa Isabel de Siguas,499,38.04,6.48,1246
Arequipa,Arequipa,Santa Rita de Siguas,1686,14.58,6.59,4456
Arequipa,Arequipa,Socabaya,24572,27.31,2.93,59671
Arequipa,Arequipa,Tiabaya,4938,21.68,6.97,14677
Arequipa,Arequipa,Uchumayo,4957,23.88,3.5,10672
Arequipa,Arequipa,Vitor,1019,24.49,7.92,2693
Arequipa,Arequipa,Yanahuara,15177,10.66,0.56,22890
Arequipa,Arequipa,Yarabamba,410,31.89,4.2,1027
Arequipa,Arequipa,Yura,6348,34.15,5.87,16020
Arequipa,Camaná,Camana,5854,29.23,2.88,14758
Arequipa,Camaná,José María Quimper,1653,23.58,4.27,3916
Arequipa,Camaná,Mariano Nicolás Valcárcel,564,66.35,1.48,4375
Arequipa,Camaná,Mariscal Cáceres,1735,18.17,7.72,5463
Arequipa,Camaná,Nicolás de Piérola,2375,22.44,4.65,6065
Arequipa,Camaná,Ocoña,1735,28.12,4.07,4540
Arequipa,Camaná,Quilca,283,53.64,5.42,806
Arequipa,Camaná,Samuel Pastor,4727,26.75,5.14,13142
Arequipa,Caravelí,Acarí,1322,31.58,5.23,4019
Arequipa,Caravelí,Atico,1440,37.12,2.66,4164
Arequipa,Caravelí,Atiquipa,353,25.79,4.43,774
Arequipa,Caravelí,Bella Unión,712,12.36,5.5,4296
Arequipa,Caravelí,Cahuacho,308,50.91,13.56,881
Arequipa,Caravelí,Caravelí,1933,26.47,4.75,3784
Arequipa,Caravelí,Chala,1407,35.23,3.07,5194
Arequipa,Caravelí,Chaparra,626,36.66,3.51,3846
Arequipa,Caravelí,Huanuhuanu,567,58.1,5.05,2509
Arequipa,Caravelí,Jaqui,413,24.34,5.8,1685
Arequipa,Caravelí,Lomas,433,47.29,1.26,1183
Arequipa,Caravelí,Quicacha,611,62.11,7.82,1885
Arequipa,Caravelí,Yauca,598,36.77,5.53,1708
Arequipa,Castilla,Andagua,588,44.08,12.29,1311
Arequipa,Castilla,Aplao,3877,27.01,5.68,8851
Arequipa,Castilla,Ayo,143,52.76,6.41,360
Arequipa,Castilla,Chachas,1258,53.36,24.92,1947
Arequipa,Castilla,Chilcaymarca,425,15.97,14.42,842
Arequipa,Castilla,Choco,615,67.7,30.18,1120
Arequipa,Castilla,Huancarqui,629,22.48,6.02,1445
Arequipa,Castilla,Machaguay,387,45.74,11.61,911
Arequipa,Castilla,Orcopampa,4964,15.69,8.25,8318
Arequipa,Castilla,Pampacolca,1140,36.07,12.35,3171
Arequipa,Castilla,Tipán,229,42.55,8.18,591
Arequipa,Castilla,Uñon,93,63.19,5.81,366
Arequipa,Castilla,Uraca,2461,20.41,4.94,7182
Arequipa,Castilla,Viraco,674,38.98,11.07,2010
Arequipa,Caylloma,Achoma,501,46.68,10.67,1139
Arequipa,Caylloma,Cabanaconde,1263,48.84,9.21,2842
Arequipa,Caylloma,Callalli,1476,49.69,11.82,2511
Arequipa,Caylloma,Caylloma,2911,27.76,16.19,4041
Arequipa,Caylloma,Chivay,2893,31.68,8.19,6532
Arequipa,Caylloma,Coporaque,506,35.25,8.85,1393
Arequipa,Caylloma,Huambo,490,45.97,8.6,895
Arequipa,Caylloma,Huanca,652,43.77,14.7,1841
Arequipa,Caylloma,Ichupampa,300,31.25,21.66,757
Arequipa,Caylloma,Lari,683,35.82,16.97,1373
Arequipa,Caylloma,Lluta,464,48.29,11.32,1417
Arequipa,Caylloma,Maca,380,36.09,11.54,916
Arequipa,Caylloma,Madrigal,297,49.22,21.51,705
Arequipa,Caylloma,Majes,10393,27.02,4.43,39445
Arequipa,Caylloma,San Antonio de Chuca,620,27.62,12.67,1415
Arequipa,Caylloma,Sibayo,486,30.97,11.73,801
Arequipa,Caylloma,Tapay,315,51.26,27.53,671
Arequipa,Caylloma,Tisco,1284,51.33,16.88,1817
Arequipa,Caylloma,Tuti,549,39.39,17.37,888
Arequipa,Caylloma,Yanque,1227,30.93,10.8,2319
Arequipa,Condesuyos,Andaray,362,36.74,14.56,719
Arequipa,Condesuyos,Cayarani,2691,17.32,16.16,3689
Arequipa,Condesuyos,Chichas,318,41.92,10.19,832
Arequipa,Condesuyos,Chuquibamba,1673,25.45,8.56,3618
Arequipa,Condesuyos,Iray,267,37.29,3.82,707
Arequipa,Condesuyos,Rio Grande,1954,25.39,4.68,3430
Arequipa,Condesuyos,Salamanca,388,46.22,21.83,1060
Arequipa,Condesuyos,Yanaquihua,2108,47.56,8.89,4936
Arequipa,Islay,Cocachacra,3788,21.66,5.99,9342
Arequipa,Islay,Dean Valdivia,2378,21.03,7.32,6318
Arequipa,Islay,Islay,1870,29.89,1.97,4823
Arequipa,Islay,Mejía,511,19.76,3.53,1132
Arequipa,Islay,Mollendo,13551,24.29,2.42,24028
Arequipa,Islay,Punta de Bombón,2395,29.76,6.43,6621
Arequipa,La Unión,Alca,1360,47.93,27.92,2169
Arequipa,La Unión,Charcana,408,39.11,17.13,647
Arequipa,La Unión,Cotahuasi,1577,32.92,8.83,3030
Arequipa,La Unión,Huaynacotas,1200,48.17,23.29,2464
Arequipa,La Unión,Pampamarca,922,55.56,31.11,1430
Arequipa,La Unión,Puyca,1883,47.47,33.69,2886
Arequipa,La Unión,Quechualla,121,42.48,15.91,278
Arequipa,La Unión,Sayla,255,38.36,8.86,518
Arequipa,La Unión,Tauría,186,13.91,13.19,343
Arequipa,La Unión,Tomepampa,506,46.95,15.68,892
Arequipa,La Unión,Toro,435,54.39,9.04,1005
Ayacucho,Cangallo,Cangallo,4501,25.29,26.19,6771
Ayacucho,Cangallo,Chuschi,6040,61.5,29.02,8281
Ayacucho,Cangallo,Los Morochucos,4720,53.84,24.97,7998
Ayacucho,Cangallo,María Parado de Bellido,2217,54.08,30.77,2831
Ayacucho,Cangallo,Paras,3718,55.79,25.29,5017
Ayacucho,Cangallo,Totos,2998,59.95,25.54,4004
Ayacucho,Huamanga,Acocro,6585,65.41,28.45,8953
Ayacucho,Huamanga,Acos Vinchos,3915,61.88,32.13,5100
Ayacucho,Huamanga,Ayacucho,46180,33.05,6.71,100935
Ayacucho,Huamanga,Chiara,4272,45.38,23.07,6307
Ayacucho,Huamanga,Jesús Nazareno,7372,39.91,7.33,15399
Ayacucho,Huamanga,Ocros,3821,66.16,22.24,5615
Ayacucho,Huamanga,Pacaycasa,1689,42.41,18.45,2842
Ayacucho,Huamanga,Quinua,3573,44.59,25.55,6115
Ayacucho,Huamanga,San José de Ticllas,1768,49.27,25.59,2442
Ayacucho,Huamanga,San Juan Bautista,18530,36.34,7.62,38457
Ayacucho,Huamanga,Santiago de Pischa,905,64.11,22.26,1467
Ayacucho,Huamanga,Socos,5382,54.84,28.9,6903
Ayacucho,Huamanga,Tambillo,4099,54.49,23.86,5068
Ayacucho,Huamanga,Vinchos,12582,51.42,34.67,15787
Ayacucho,Huanca Sancos,Carapo,2048,51.56,17.66,2609
Ayacucho,Huanca Sancos,Sacsamarca,1074,26.28,21.82,1797
Ayacucho,Huanca Sancos,Sancos,2370,33.15,12.61,3539
Ayacucho,Huanca Sancos,Santiago de Lucanamarca,1869,60.82,24.98,2675
Ayacucho,Huanta,Ayahuanco,7555,60.98,30.85,8874
Ayacucho,Huanta,Huamanguilla,3862,40.4,25.59,5200
Ayacucho,Huanta,Huanta,18586,45.7,18.98,40198
Ayacucho,Huanta,Iguain,1278,40.25,32.11,2697
Ayacucho,Huanta,Llochegua,3704,55.41,12.12,12131
Ayacucho,Huanta,Luricocha,2395,39.67,23.51,5089
Ayacucho,Huanta,Santillana,5082,58.47,33.16,7215
Ayacucho,Huanta,Sivia,4026,60.3,18.73,11956
Ayacucho,La Mar,Anco,9600,59.77,19.47,15352
Ayacucho,La Mar,Ayna,3333,54.91,18.62,10196
Ayacucho,La Mar,Chilcas,1693,23.95,25.86,2617
Ayacucho,La Mar,Chungui,4687,72.2,22.68,6311
Ayacucho,La Mar,Luis Carranza,1731,71.27,28.59,2089
Ayacucho,La Mar,San miguel,10396,52.8,26.43,18775
Ayacucho,La Mar,Santa Rosa,3948,51.18,15.48,11200
Ayacucho,La Mar,Tambo,7284,66,34.09,17637
Ayacucho,Lucanas,Aucara,2011,45.07,19.98,4400
Ayacucho,Lucanas,Cabana,1566,52.78,12.7,3252
Ayacucho,Lucanas,Carmen Salcedo,1555,59.12,16.36,3427
Ayacucho,Lucanas,Chaviña,1571,49.4,19.65,2355
Ayacucho,Lucanas,Chipao,1896,48.06,22.01,3965
Ayacucho,Lucanas,Huac-Huas,981,53.75,7.18,2704
Ayacucho,Lucanas,Laramate,862,50.14,11.55,1902
Ayacucho,Lucanas,Leoncio Prado,1003,48.24,12.61,1592
Ayacucho,Lucanas,Llauta,663,50.46,7.41,1372
Ayacucho,Lucanas,Lucanas,1977,43.69,23.71,3777
Ayacucho,Lucanas,Ocaña,1551,55.32,13.01,3444
Ayacucho,Lucanas,Otoca,695,48.06,8.95,3013
Ayacucho,Lucanas,Puquio,6415,36.37,14.3,13870
Ayacucho,Lucanas,Saisa,427,32.59,3.47,875
Ayacucho,Lucanas,San Cristóbal,729,59.65,29.46,1944
Ayacucho,Lucanas,San Juan,692,32.21,8.86,1233
Ayacucho,Lucanas,San Pedro,1637,58.35,29.2,3317
Ayacucho,Lucanas,San Pedro de Palco,708,57.11,24.28,1552
Ayacucho,Lucanas,Sancos,2031,45.36,11.04,5548
Ayacucho,Lucanas,Santa Ana de Huaycahuacho,335,44.14,21.7,745
Ayacucho,Lucanas,Santa Lucía,729,51.77,8.19,1127
Ayacucho,Parinacochas,Chumpi,2244,42.2,23.76,2981
Ayacucho,Parinacochas,Coracora,10389,35.49,14.36,14769
Ayacucho,Parinacochas,Coronel Castañeda,1033,13.83,17.21,1290
Ayacucho,Parinacochas,Pacapausa,1107,62.74,21.21,1607
Ayacucho,Parinacochas,Pullo,1685,55.36,10.01,4445
Ayacucho,Parinacochas,Puyusca,1708,44.87,20.81,2360
Ayacucho,Parinacochas,San Francisco de Ravacayco,515,49.63,28.19,673
Ayacucho,Parinacochas,Upahuacho,1314,48.4,34.94,1882
Ayacucho,Páucar del Sara Sara,Colta,352,56.31,14,797
Ayacucho,Páucar del Sara Sara,Corculla,252,47.03,17.37,566
Ayacucho,Páucar del Sara Sara,Lampa,1292,54.57,11.58,2473
Ayacucho,Páucar del Sara Sara,Marcabamba,484,51.28,16.1,785
Ayacucho,Páucar del Sara Sara,Oyolo,727,43.31,23.76,1166
Ayacucho,Páucar del Sara Sara,Pararca,310,45.04,16.15,678
Ayacucho,Páucar del Sara Sara,Pausa,1403,36.04,10.28,3050
Ayacucho,Páucar del Sara Sara,San Javier de Alpabamba,250,46.71,19.2,510
Ayacucho,Páucar del Sara Sara,San José de Ushua,115,50,13.39,187
Ayacucho,Páucar del Sara Sara,Sara Sara,463,36.05,20.11,800
Ayacucho,Sucre,Belén,382,58.11,14.22,640
Ayacucho,Sucre,Chalcos,442,20.36,11.14,721
Ayacucho,Sucre,Chilcayoc,544,61.64,22.07,668
Ayacucho,Sucre,Huacaña,494,33.51,15.38,642
Ayacucho,Sucre,Morcolla,1231,50.27,22.15,1603
Ayacucho,Sucre,Paico,694,28.43,20.26,953
Ayacucho,Sucre,Querobamba,2143,30.32,17.36,2645
Ayacucho,Sucre,San Pedro de Larcay,527,43.69,18.98,970
Ayacucho,Sucre,San Salvador de Quije,1266,54.23,21.06,1600
Ayacucho,Sucre,Santiago de Paucaray,634,31,20.56,917
Ayacucho,Sucre,Soras,748,35.87,16.99,1236
Ayacucho,Víctor Fajardo,Alcamenca,2010,56.69,22.86,2551
Ayacucho,Víctor Fajardo,Apongo,858,46.44,23.18,1256
Ayacucho,Víctor Fajardo,Asquipata,392,23.21,31.18,488
Ayacucho,Víctor Fajardo,Canaria,2524,29.26,13.97,4021
Ayacucho,Víctor Fajardo,Cayara,710,55.22,31.43,1335
Ayacucho,Víctor Fajardo,Colca,783,51.58,19.95,1220
Ayacucho,Víctor Fajardo,Huamanquiquia,943,51.45,21.92,1271
Ayacucho,Víctor Fajardo,Huancapi,1245,45.07,16.92,2400
Ayacucho,Víctor Fajardo,Huancaraylla,1427,33.97,29.83,1791
Ayacucho,Víctor Fajardo,Huaya,1762,53.08,22.61,3188
Ayacucho,Víctor Fajardo,Sarhua,1979,56.21,27.28,2985
Ayacucho,Víctor Fajardo,Vilcanchos,1929,67.61,26.96,2906
Ayacucho,Vilcas Huamán,Accomarca,616,53.36,24.79,1357
Ayacucho,Vilcas Huamán,Carhuanca,525,47.18,26.07,1149
Ayacucho,Vilcas Huamán,Concepción,1300,66.57,24.76,2885
Ayacucho,Vilcas Huamán,Huambalpa,1052,38.82,34.42,2212
Ayacucho,Vilcas Huamán,Independencia,884,56.21,23.77,1815
Ayacucho,Vilcas Huamán,Saurama,677,32.54,30.22,1464
Ayacucho,Vilcas Huamán,Vilcas Huamán,4690,44.98,25.57,8300
Ayacucho,Vilcas Huamán,Vischongo,2846,48.45,24.15,4418
Cajamarca,Cajabamba,Cachachi,8997,56.22,20.89,24305
Cajamarca,Cajabamba,Cajabamba,9650,48.71,14.55,28079
Cajamarca,Cajabamba,Condebamba,5267,64.88,24.57,13186
Cajamarca,Cajabamba,Sitacocha,4197,47.41,23.1,8717
Cajamarca,Cajamarca,Asunción,3110,60.23,25.22,11757
Cajamarca,Cajamarca,Cajamarca,70288,26.75,8.89,188363
Cajamarca,Cajamarca,Chetilla,1140,57.1,39.91,4005
Cajamarca,Cajamarca,Cospán,3178,50.61,20.21,7859
Cajamarca,Cajamarca,Encañada,8158,49.18,28.13,23076
Cajamarca,Cajamarca,Jesús,5064,56.88,18.66,14240
Cajamarca,Cajamarca,Llacanora,1588,45.81,18.57,4905
Cajamarca,Cajamarca,Los Baños del Inca,11004,36.84,18.3,34749
Cajamarca,Cajamarca,Magdalena,3461,58.87,17.57,9191
Cajamarca,Cajamarca,Matará,1593,48.15,16.22,3752
Cajamarca,Cajamarca,Namora,3296,57.25,22.96,9466
Cajamarca,Cajamarca,San juan,1753,52.7,19.95,4789
Cajamarca,Celendín,Celendín,8882,44.86,11.46,24623
Cajamarca,Celendín,Chumuch,1775,56.8,17.65,3123
Cajamarca,Celendín,Cortegana,4566,66.06,26.62,8099
Cajamarca,Celendín,Huasmin,5120,62.08,25.65,13282
Cajamarca,Celendín,Jorge Chávez,481,58.88,6.22,620
Cajamarca,Celendín,José Gálvez,1349,45.83,12.47,2859
Cajamarca,Celendín,La Libertad de Pallán,3880,64.74,21.21,7624
Cajamarca,Celendín,Miguel Iglesias,2511,67.43,20.27,4863
Cajamarca,Celendín,Oxamarca,2841,63.55,15.95,6425
Cajamarca,Celendín,Sorochuco,4620,53.91,26.96,9826
Cajamarca,Celendín,Sucre,2803,55.58,13.59,5860
Cajamarca,Celendín,Utco,516,54.39,18.63,1304
Cajamarca,Chota,Anguía,1607,62.02,21.64,4244
Cajamarca,Chota,Chadin,1693,70.79,23.93,4099
Cajamarca,Chota,Chalamarca,3505,58.28,26.71,10539
Cajamarca,Chota,Chiguirip,1945,56.85,25.7,4678
Cajamarca,Chota,Chimban,1680,51.08,20.51,3380
Cajamarca,Chota,Choropampa,1523,64.24,21.46,3314
Cajamarca,Chota,Chota,15228,38.18,22.12,45958
Cajamarca,Chota,Cochabamba,3661,48.08,24.54,6674
Cajamarca,Chota,Conchán,2085,65.55,26.67,6459
Cajamarca,Chota,Huambos,3466,62.34,22.49,9498
Cajamarca,Chota,Lajas,4810,59.42,25.84,12734
Cajamarca,Chota,Llama,2631,33.82,9.82,8102
Cajamarca,Chota,Miracosta,1442,69.09,20.39,3717
Cajamarca,Chota,Paccha,2157,55.3,22.39,5165
Cajamarca,Chota,Pión,859,46.97,20.71,1625
Cajamarca,Chota,Querocoto,3296,26.69,12.35,9229
Cajamarca,Chota,San Juan de Licupis,288,56.79,12.06,1101
Cajamarca,Chota,Tacabamba,6952,62.66,23.16,18933
Cajamarca,Chota,Tocmoche,363,52.51,14.51,998
Cajamarca,Contumazá,Chilete,1273,36.83,7.35,3158
Cajamarca,Contumazá,Contumazá,3860,48.99,12.77,8713
Cajamarca,Contumazá,Cupisnique,540,53.01,5.93,1566
Cajamarca,Contumazá,Guzmango,1654,42.46,15.3,2944
Cajamarca,Contumazá,San Benito,1371,52.41,7.83,3558
Cajamarca,Contumazá,Santa Cruz de Toledo,698,73.29,16.69,1143
Cajamarca,Contumazá,Tantarica,1152,44.17,8.46,2552
Cajamarca,Contumazá,Yonán,3789,25.91,7.13,7735
Cajamarca,Cutervo,Callayuc,7913,50.41,21.16,10474
Cajamarca,Cutervo,Choros,2645,45.95,15,3566
Cajamarca,Cutervo,Cujillo,2280,38.08,11.31,2916
Cajamarca,Cutervo,Cutervo,35895,48.69,22.31,53075
Cajamarca,Cutervo,La Ramada,4224,50.76,16.28,4705
Cajamarca,Cutervo,Pimpingos,4265,46.73,18.98,6201
Cajamarca,Cutervo,Querocotillo,12127,54.01,17.12,16549
Cajamarca,Cutervo,San Andrés de Cutervo,3609,41.36,14.35,5323
Cajamarca,Cutervo,San Juan de Cutervo,1795,41.8,17.12,2158
Cajamarca,Cutervo,San Luis de Lucma,2789,42.64,19.21,3951
Cajamarca,Cutervo,Santa Cruz,2657,57.33,21.81,3229
Cajamarca,Cutervo,Santo Domingo de la Capilla,4699,49.06,24.79,5483
Cajamarca,Cutervo,Santo Tomás,6075,44.07,17.89,8310
Cajamarca,Cutervo,Socota,6335,48.98,19.55,10779
Cajamarca,Cutervo,Toribio Casanova,1265,64.86,16.46,1494
Cajamarca,Hualgayoc,Bambamarca,21285,61.49,30.17,69411
Cajamarca,Hualgayoc,Chugur,1115,49.76,16.5,3553
Cajamarca,Hualgayoc,Hualgayoc,5671,44.24,24.65,16849
Cajamarca,Jaén,Bellavista,8180,32.96,11.02,15571
Cajamarca,Jaén,Chontali,5986,54.4,16.56,10118
Cajamarca,Jaén,Colasay,4992,54.39,15.02,11432
Cajamarca,Jaén,Huabal,4706,47.06,18.82,7732
Cajamarca,Jaén,Jaén,37061,37.65,7.52,86021
Cajamarca,Jaén,Las Pirias,2270,14.73,20.38,4344
Cajamarca,Jaén,Pomahuaca,4460,38.55,20.73,8763
Cajamarca,Jaén,Pucará,3316,28.73,12.42,7110
Cajamarca,Jaén,Sallique,4313,58.44,26.29,7798
Cajamarca,Jaén,San Felipe,2550,51.67,18.75,5664
Cajamarca,Jaén,San José del Alto,3260,52.73,14.36,6936
Cajamarca,Jaén,Santa rosa,5288,57.02,12.9,12145
Cajamarca,San Ignacio,Chirinos,6358,43.91,13.28,13525
Cajamarca,San Ignacio,Huarango,11132,54.39,15.76,20532
Cajamarca,San Ignacio,La Coipa,10891,45.62,16.46,18762
Cajamarca,San Ignacio,Namballe,6666,61.8,11.41,10200
Cajamarca,San Ignacio,San Ignacio,17999,46.78,13.36,32313
Cajamarca,San Ignacio,San José de Lourdes,8689,51.18,13.86,18171
Cajamarca,San Ignacio,Tabaconas,10457,56.01,17.44,17736
Cajamarca,San Marcos,Chancay,1927,69.09,24.37,3297
Cajamarca,San Marcos,Eduardo Villanueva,839,54.09,13.59,2294
Cajamarca,San Marcos,Gregorio Pita,3038,65.93,25.29,7018
Cajamarca,San Marcos,Ichocán,883,50.6,15.41,2149
Cajamarca,San Marcos,José Manuel Quiroz,1985,62.79,27.42,4170
Cajamarca,San Marcos,José Sabogal,6758,51.16,31.54,12985
Cajamarca,San Marcos,Pedro Gálvez,7561,46.35,13.81,19118
Cajamarca,San Miguel,Bolívar,627,54.39,8.38,1671
Cajamarca,San Miguel,Calquis,1554,49.58,19.46,4426
Cajamarca,San Miguel,Catilluc,1540,62.64,18.04,3369
Cajamarca,San Miguel,El Prado,687,49.44,14.02,1953
Cajamarca,San Miguel,La Florida,1165,48.38,12.02,2531
Cajamarca,San Miguel,Llapa,3362,51.74,20.94,5466
Cajamarca,San Miguel,Nanchoc,529,40.94,8.66,1404
Cajamarca,San Miguel,Niepos,2026,59.18,13.42,4452
Cajamarca,San Miguel,San Gregorio,1166,38.66,12.34,2502
Cajamarca,San Miguel,San Miguel,7325,53.06,16.5,15641
Cajamarca,San Miguel,San Silvestre de Cochán,2559,56.24,16.17,4642
Cajamarca,San Miguel,Tongod,1515,49.29,16.48,4385
Cajamarca,San Miguel,Unión Agua Blanca,1373,53.93,15.51,3704
Cajamarca,San Pablo,San Bernardino,2068,47.78,21.06,4710
Cajamarca,San Pablo,San Luis,614,21.97,17.81,1406
Cajamarca,San Pablo,San Pablo,5238,42.19,19.25,13347
Cajamarca,San Pablo,Tumbaden,1889,59.91,20.55,3651
Cajamarca,Santa Cruz,Andabamba,618,58.43,17.19,1752
Cajamarca,Santa Cruz,Catache,3770,48.45,15.88,9557
Cajamarca,Santa Cruz,Chancaybaños,1625,44.51,22.38,3923
Cajamarca,Santa Cruz,La Esperanza,805,52.09,25.68,2889
Cajamarca,Santa Cruz,Ninabamba,1061,42.24,19.94,3021
Cajamarca,Santa Cruz,Pulán,1867,55.37,13.4,4881
Cajamarca,Santa Cruz,Santa Cruz,4382,40.83,11.71,10198
Cajamarca,Santa Cruz,Saucepampa,867,47.07,19.46,2031
Cajamarca,Santa Cruz,Sexi,138,24.16,5.93,515
Cajamarca,Santa Cruz,Uticyacu,478,40.04,19.46,1664
Cajamarca,Santa Cruz,Yauyucan,1327,56.33,23.08,3425
Cusco,Acomayo,Acomayo,3298,45.96,22.73,5380
Cusco,Acomayo,Acopia,1293,49.32,24.79,2557
Cusco,Acomayo,Acos,1705,53.55,27.53,2545
Cusco,Acomayo,Mosoc Llacta,810,47.45,23.14,1864
Cusco,Acomayo,Pomacanchi,4512,44.91,25.53,8340
Cusco,Acomayo,Rondocan,1926,81.6,28.27,2918
Cusco,Acomayo,Sangarará,1742,53.06,25.61,3753
Cusco,Anta,Ancahuasi,3375,67.6,21.7,6785
Cusco,Anta,Anta,6300,52.93,15.43,16336
Cusco,Anta,Cachimayo,997,45,10.29,2037
Cusco,Anta,Chinchaypujio,3494,65.67,28.7,4724
Cusco,Anta,Huarocondo,2981,61.76,23.23,5719
Cusco,Anta,Limatambo,5904,62.25,20.35,9076
Cusco,Anta,Mollepata,1757,57.8,21.74,2901
Cusco,Anta,Pucyura,1254,58.02,14.42,3545
Cusco,Anta,Zurite,1786,48.8,14.63,3705
Cusco,Calca,Calca,6885,51.03,17.33,19312
Cusco,Calca,Coya,1306,56.89,24.32,3705
Cusco,Calca,Lamay,3399,53.3,29.09,5359
Cusco,Calca,Lares,4270,70.96,31.7,7138
Cusco,Calca,Pisac,4648,56.3,19.02,9440
Cusco,Calca,San Salvador,3238,67.34,35.44,5219
Cusco,Calca,Taray,2533,38.15,20.49,4275
Cusco,Calca,Yanatile,6665,48.58,17.91,10959
Cusco,Canas,Checca,4870,59.88,23.56,5983
Cusco,Canas,Kunturkanki,3425,39.55,21,5494
Cusco,Canas,Langui,1408,48.64,17.72,2626
Cusco,Canas,Layo,2433,66.41,18.99,6217
Cusco,Canas,Pampamarca,639,45.78,20.54,2047
Cusco,Canas,Quehue,2103,64.12,20.28,3260
Cusco,Canas,Túpac Amaru,1705,58.82,24.82,2965
Cusco,Canas,Yanaoca,5213,42.83,19.41,9701
Cusco,Canchis,Checacupe,2087,50.62,22.05,4883
Cusco,Canchis,Combapata,2374,53.36,19.72,5162
Cusco,Canchis,Marangani,4572,50.12,20.78,11074
Cusco,Canchis,Pitumarca,4096,61.16,34.64,7068
Cusco,Canchis,San pablo,2488,43.53,23.13,4979
Cusco,Canchis,San pedro,1235,60.79,17.72,2974
Cusco,Canchis,Sicuani,22064,50.07,11.62,55269
Cusco,Canchis,Tinta,2126,49.46,18.71,5528
Cusco,Chumbivílcas,Capacmarca,2898,60.48,35.14,4593
Cusco,Chumbivílcas,Chamaca,4267,46.86,22.75,7698
Cusco,Chumbivílcas,Colquemarca,6483,55.91,26.65,8656
Cusco,Chumbivílcas,Livitaca,9145,59.49,24.84,11516
Cusco,Chumbivílcas,Llusco,5536,63.26,33.78,6399
Cusco,Chumbivílcas,Quiñota,3524,51.3,30.29,4317
Cusco,Chumbivílcas,Santo Tomás,17818,50.56,24.08,24492
Cusco,Chumbivílcas,Velille,5683,53.36,22.14,7914
Cusco,Cusco,Ccorca,1717,65.3,37.76,2343
Cusco,Cusco,Cusco,41811,30.73,3.43,108798
Cusco,Cusco,Poroy,1513,47.19,11.18,4462
Cusco,Cusco,San Jerónimo,12481,35.56,4.74,31687
Cusco,Cusco,San Sebastián,27071,35.52,3.88,74712
Cusco,Cusco,Santiago,28204,39.24,4.96,83721
Cusco,Cusco,Saylla,969,45.75,6.88,2934
Cusco,Cusco,Wanchaq,29449,18.7,1.12,59134
Cusco,Espinar,Alto Pichigua,1112,45.65,22.21,2534
Cusco,Espinar,Condoroma,483,56.72,10.77,1208
Cusco,Espinar,Coporaque,7513,53.2,21.67,15838
Cusco,Espinar,Espinar,11323,39.2,9.2,29581
Cusco,Espinar,Ocoruro,729,56.24,16.37,1669
Cusco,Espinar,Pallpata,2376,54.76,15.61,5270
Cusco,Espinar,Pichigua,1838,42.29,14.85,3802
Cusco,Espinar,Suyckutambo,1200,50.59,22.71,2796
Cusco,La Convención,Echarate,27761,55.55,14.54,42676
Cusco,La Convención,Huayopata,3891,47.18,15.4,5772
Cusco,La Convención,Kimbiri,7671,50.05,17.55,16434
Cusco,La Convención,Maranura,4396,65.16,16.58,6770
Cusco,La Convención,Ocobamba,4274,53.74,19.9,6281
Cusco,La Convención,Pichari,7359,47.01,14.28,15807
Cusco,La Convención,Quelloúno,9740,60.59,15.18,15032
Cusco,La Convención,Santa Ana,13316,45.87,6.51,33230
Cusco,La Convención,Santa Teresa,4883,58.37,15.53,6999
Cusco,La Convención,Vilcabamba,11970,61.61,15.89,17832
Cusco,Paruro,Accha,2802,46.74,22.31,3853
Cusco,Paruro,Ccapi,2284,62.9,27.59,3860
Cusco,Paruro,Colcha,1086,66.03,21.76,1335
Cusco,Paruro,Huanoquite,3756,73.51,32.33,5556
Cusco,Paruro,Omacha,5251,57.89,31.59,6453
Cusco,Paruro,Paccaritambo,1409,73.23,35.63,2440
Cusco,Paruro,Paruro,2200,52.64,18.41,3512
Cusco,Paruro,Pillpinto,745,63.91,30.16,1325
Cusco,Paruro,Yaurisque,1405,47.64,25.55,2605
Cusco,Paucartambo,Caicay,1764,66.77,31.22,2521
Cusco,Paucartambo,Challabamba,6706,65.84,35.06,9983
Cusco,Paucartambo,Colquepata,7415,62.8,35.53,9616
Cusco,Paucartambo,Huancarani,4960,66.38,31.55,6910
Cusco,Paucartambo,Kosñipata,2559,50.52,19.13,4790
Cusco,Paucartambo,Paucartambo,7000,53.47,37.08,12057
Cusco,Quispicanchi,Andahuaylillas,2598,48.47,13.45,4940
Cusco,Quispicanchi,Camanti,922,32.53,9.67,2073
Cusco,Quispicanchi,Ccarhuayo,1546,70.3,31.85,2886
Cusco,Quispicanchi,Ccatca,10294,59.6,32.69,14346
Cusco,Quispicanchi,Cusipata,3163,42.76,24.4,4755
Cusco,Quispicanchi,Huaro,2585,46.46,16.56,4366
Cusco,Quispicanchi,Lucre,1493,43.42,12.69,3850
Cusco,Quispicanchi,Marcapata,2895,58.87,24.9,4520
Cusco,Quispicanchi,Ocongate,8493,52.76,25.71,13578
Cusco,Quispicanchi,Oropesa,2241,49.96,10.82,6432
Cusco,Quispicanchi,Quiquijana,7320,52.45,33.77,10340
Cusco,Quispicanchi,Urcos,5863,45.52,16.11,10087
Cusco,Urubamba,Chinchero,4795,61.58,14.53,9422
Cusco,Urubamba,Huayllabamba,1694,48.67,11.56,4980
Cusco,Urubamba,Machupicchu,2203,26.15,3.72,5286
Cusco,Urubamba,Maras,2465,54.06,20.45,6258
Cusco,Urubamba,Ollantaytambo,4807,56.32,18.2,9851
Cusco,Urubamba,Urubamba,7617,41.6,8.47,17787
Cusco,Urubamba,Yucay,1419,30.66,6.73,3101
Huancavelica,Acobamba,Acobamba,4396,48.83,16.74,9853
Huancavelica,Acobamba,Andabamba,2612,34.81,22.4,4802
Huancavelica,Acobamba,Anta,4473,54.51,26.27,8253
Huancavelica,Acobamba,Caja,1594,28.39,19.77,2968
Huancavelica,Acobamba,Marcas,989,59.13,23.81,2367
Huancavelica,Acobamba,Paucará,13221,44.31,22.71,24317
Huancavelica,Acobamba,Pomacocha,1630,50.44,15.83,4273
Huancavelica,Acobamba,Rosario,4217,61.3,26.82,6959
Huancavelica,Angaraes,Anchonga,4687,57.65,32.4,7487
Huancavelica,Angaraes,Callanmarca,403,56.63,27.05,898
Huancavelica,Angaraes,Ccochaccasa,2043,35.42,22.26,3434
Huancavelica,Angaraes,Chincho,592,47.71,17.9,1322
Huancavelica,Angaraes,Congalla,1830,62.9,31.39,4381
Huancavelica,Angaraes,Huanca-Huanca,1036,58.67,28.01,1643
Huancavelica,Angaraes,Huayllay Grande,693,59.81,32.15,2007
Huancavelica,Angaraes,Julcamarca,765,42.39,13.35,1658
Huancavelica,Angaraes,Lircay,11625,37.31,25.79,24614
Huancavelica,Angaraes,San Antonio de Antaparco,458,64.65,17.49,3055
Huancavelica,Angaraes,Santo Tomás de Pata,808,23.41,22.36,1828
Huancavelica,Angaraes,Secclla,1729,65.18,22.3,3377
Huancavelica,Castrovirreyna,Arma,615,62.95,19.08,1504
Huancavelica,Castrovirreyna,Aurahuá,690,46.09,16.29,2140
Huancavelica,Castrovirreyna,Capillas,638,62.16,10.12,1402
Huancavelica,Castrovirreyna,Castrovirreyna,2324,34.95,18.31,3428
Huancavelica,Castrovirreyna,Chupamarca,537,47.13,11.18,1129
Huancavelica,Castrovirreyna,Cocas,502,46.36,16.23,948
Huancavelica,Castrovirreyna,Huachos,672,45.48,5.15,1774
Huancavelica,Castrovirreyna,Huamatambo,197,37.97,11.11,447
Huancavelica,Castrovirreyna,Mollepampa,814,56.1,12.4,1550
Huancavelica,Castrovirreyna,San Juan,248,50,8.6,620
Huancavelica,Castrovirreyna,Santa Ana,1451,16.31,6.67,1983
Huancavelica,Castrovirreyna,Tantara,380,43.04,7.77,780
Huancavelica,Castrovirreyna,Ticrapo,753,42.86,8.75,1795
Huancavelica,Churcampa,Anco,5260,62.84,34.12,10836
Huancavelica,Churcampa,Chinchihuasi,2077,49.54,26.81,4378
Huancavelica,Churcampa,Churcampa,2919,42.94,18.74,5960
Huancavelica,Churcampa,El Carmen,1564,62.11,30.81,3102
Huancavelica,Churcampa,La Merced,327,49.69,12.87,1149
Huancavelica,Churcampa,Locroja,1897,30.11,24.99,4439
Huancavelica,Churcampa,Pachamarca,1739,35.37,25.46,3005
Huancavelica,Churcampa,Paucarbamba,2633,64.55,26.24,6646
Huancavelica,Churcampa,San Miguel de Mayocc,488,42.14,10.97,1144
Huancavelica,Churcampa,San Pedro de Coris,2350,26.77,14.89,4244
Huancavelica,Huancavelica,Acobambilla,1709,58.7,8.83,4005
Huancavelica,Huancavelica,Acoria,14531,57.37,23.99,31299
Huancavelica,Huancavelica,Ascensión,4578,35.29,9.18,9735
Huancavelica,Huancavelica,Conayca,566,72.99,20.84,1323
Huancavelica,Huancavelica,Cuenca,432,66.72,26.82,2226
Huancavelica,Huancavelica,Huachocolpa,1724,17.47,14.45,3032
Huancavelica,Huancavelica,Huancavelica,17324,28.28,8.57,37255
Huancavelica,Huancavelica,Huando,4244,53.77,23.11,7804
Huancavelica,Huancavelica,Huayllahuara,309,50.39,19.56,907
Huancavelica,Huancavelica,Izcuchaca,366,40.29,10.03,979
Huancavelica,Huancavelica,Laria,584,40.37,20.04,1443
Huancavelica,Huancavelica,Manta,501,70.16,16.14,1741
Huancavelica,Huancavelica,Mariscal Cáceres,218,43.28,14.02,760
Huancavelica,Huancavelica,Moya,1159,67.28,15.22,2272
Huancavelica,Huancavelica,Nuevo Occoro,1068,60.27,16.54,2536
Huancavelica,Huancavelica,Palca,1331,62.99,23.97,3467
Huancavelica,Huancavelica,Pilchaca,493,36.63,14.74,626
Huancavelica,Huancavelica,Vilca,1980,59.37,16.08,3186
Huancavelica,Huancavelica,Yauli,15041,55.88,26.25,28127
Huancavelica,Huaytará,Ayaví,292,64.04,7.29,817
Huancavelica,Huaytará,Córdova,1182,23.58,6.9,2101
Huancavelica,Huaytará,Huayacundo Arma,169,52.25,9.87,451
Huancavelica,Huaytará,Huaytará,952,35.09,7.44,2249
Huancavelica,Huaytará,Laramarca,253,49.1,10.16,1040
Huancavelica,Huaytará,Ocoyo,1161,25.94,10.72,1901
Huancavelica,Huaytará,Pilpichaca,2033,19.01,23.25,3743
Huancavelica,Huaytará,Querco,340,53.42,12.78,840
Huancavelica,Huaytará,Quito-Arma,320,52.19,15.08,881
Huancavelica,Huaytará,San Antonio de Cusicancha,944,56.57,19.7,1657
Huancavelica,Huaytará,San Francisco de Sangayaico,297,51.24,9.47,821
Huancavelica,Huaytará,San Isidro,137,51.11,10.19,1114
Huancavelica,Huaytará,Santiago de Chocorvos,1437,51.84,17.33,3359
Huancavelica,Huaytará,Santiago de Quirahuara,239,40.97,13.88,698
Huancavelica,Huaytará,Santo Domingo de Capillas,309,63.46,13.22,1081
Huancavelica,Huaytará,Tambo,177,41.33,14.73,521
Huancavelica,Tayacaja,Acostambo,2080,43.48,17.42,4537
Huancavelica,Tayacaja,Acraquía,2186,44.12,27.84,5203
Huancavelica,Tayacaja,Ahuaycha,2391,66.9,18.65,5212
Huancavelica,Tayacaja,Colcabamba,10178,23.15,25.86,20307
Huancavelica,Tayacaja,Daniel Hernandez,4343,44.12,20.21,9752
Huancavelica,Tayacaja,Huachocolpa,2228,65.53,12.82,4976
Huancavelica,Tayacaja,Huaribamba,3297,54.76,20.92,7639
Huancavelica,Tayacaja,Ñahuimpuquio,865,8.75,16.15,2175
Huancavelica,Tayacaja,Pampas,4431,45.11,14.35,10880
Huancavelica,Tayacaja,Pazos,3062,54.35,18.91,7511
Huancavelica,Tayacaja,Quishuar,443,59.24,26.47,942
Huancavelica,Tayacaja,Salcabamba,2590,57.31,25.29,5121
Huancavelica,Tayacaja,Salcahuasi,1791,55.58,28.22,3821
Huancavelica,Tayacaja,San Marcos de Rocchac,1374,70.44,21.49,3202
Huancavelica,Tayacaja,Surcubamba,2664,17.26,25.02,5112
Huancavelica,Tayacaja,Tintay Puncu,3477,63.93,19.83,8511
Huánuco,Ambo,Ambo,6238,52.54,17.85,15745
Huánuco,Ambo,Cayna,2569,67.12,21.36,3704
Huánuco,Ambo,Colpas,1940,66.15,28.21,2706
Huánuco,Ambo,Conchamarca,3272,49.42,20.17,5855
Huánuco,Ambo,Huacar,5377,59.78,24.02,8096
Huánuco,Ambo,San Francisco,2376,70.1,18.18,3285
Huánuco,Ambo,San Rafael,8737,64.33,27.29,11604
Huánuco,Ambo,Tomay Kichwa,1304,46.37,12.9,4488
Huánuco,Dos de Mayo,Chuquis,2932,60.49,22.61,5125
Huánuco,Dos de Mayo,La Unión,3285,31.5,6.92,6114
Huánuco,Dos de Mayo,Marías,5133,45.47,25.96,7656
Huánuco,Dos de Mayo,Pachas,4891,22.23,12.64,11121
Huánuco,Dos de Mayo,Quivilla,1235,27.49,13.3,2088
Huánuco,Dos de Mayo,Ripán,3698,50.27,14.34,6330
Huánuco,Dos de Mayo,Shunqui,1240,67.14,16.08,2549
Huánuco,Dos de Mayo,Sillapata,1666,38.78,19.72,2898
Huánuco,Dos de Mayo,Yanas,1513,55.53,22.62,3127
Huánuco,Huacaybamba,Canchabamba,2019,58.43,27.12,3038
Huánuco,Huacaybamba,Cochabamba,1098,47.82,12.92,2750
Huánuco,Huacaybamba,Huacaybamba,3945,47.95,21.9,6737
Huánuco,Huacaybamba,Pinra,4154,71.76,28.38,7883
Huánuco,Huamalíes,Arancay,1019,42.71,16.75,1767
Huánuco,Huamalíes,Chavín de Pariarca,3174,42.16,18.62,4295
Huánuco,Huamalíes,Jacas Grande,4332,28.01,20.28,6394
Huánuco,Huamalíes,Jircan,1217,31.87,24.02,2948
Huánuco,Huamalíes,Llata,7078,36.4,14.8,14873
Huánuco,Huamalíes,Miraflores,2310,57.23,27.13,3460
Huánuco,Huamalíes,Monzón,7758,41.88,10.49,18751
Huánuco,Huamalíes,Punchao,1289,26.34,21.52,2331
Huánuco,Huamalíes,Puños,2650,67.22,18.75,4727
Huánuco,Huamalíes,Singa,2003,46.79,19.01,4016
Huánuco,Huamalíes,Tantamayo,1874,54.78,17.63,2888
Huánuco,Huánuco,Amarilis,28926,38.03,7.81,67617
Huánuco,Huánuco,Chinchao,10682,57.23,25.73,24796
Huánuco,Huánuco,Churubamba,14162,50.13,50.41,24573
Huánuco,Huánuco,Huánuco,34999,35.53,5.76,74774
Huánuco,Huánuco,Margos,10756,63.24,19.11,14760
Huánuco,Huánuco,Pillco marca,11219,43.65,7.36,23896
Huánuco,Huánuco,Quisqui,5224,57.77,26.5,7134
Huánuco,Huánuco,San Francisco de Cayrán,3029,63.53,28.43,4739
Huánuco,Huánuco,San Pedro de Chaulán,5586,65.79,30.61,6903
Huánuco,Huánuco,Santa maría del valle,13289,62.86,39.15,18373
Huánuco,Huánuco,Yarumayo,2122,8.2,22.43,2668
Huánuco,Lauricocha,Baños,2557,41.16,15.43,5412
Huánuco,Lauricocha,Jesus,4047,53.42,6.33,6233
Huánuco,Lauricocha,Jivia,1441,56.06,5.34,2488
Huánuco,Lauricocha,Queropalca,739,50.34,1.66,1687
Huánuco,Lauricocha,Rondos,5549,46.79,7.59,7378
Huánuco,Lauricocha,San Francisco de Asís,2033,70.09,14.63,2426
Huánuco,Lauricocha,San Miguel de Cauri,6022,38.76,7.38,9699
Huánuco,Leoncio Prado,Daniel Alomías Robles,3026,50.6,17.24,6597
Huánuco,Leoncio Prado,Hermilio Valdizán,1557,73.53,18.96,3793
Huánuco,Leoncio Prado,José Crespo y Castillo,12957,50.04,12.46,32255
Huánuco,Leoncio Prado,Luyando,3459,50.16,15.01,8599
Huánuco,Leoncio Prado,Mariano Dámaso Beraún,3960,60.86,21.22,9332
Huánuco,Leoncio Prado,Rupa-Rupa,20592,41.05,5.81,56389
Huánuco,Marañón,Cholón,5918,64.59,16.83,8999
Huánuco,Marañón,Huacrachuco,8163,51.32,24.57,15122
Huánuco,Marañón,San Buenaventura,1959,71.21,39.05,2499
Huánuco,Pachitea,Chaglla,4715,54.23,21.17,11062
Huánuco,Pachitea,Molino,6741,64.91,40.83,12227
Huánuco,Pachitea,Panao,10611,63.57,34.79,19813
Huánuco,Pachitea,Umari,12012,57.12,29.63,17219
Huánuco,Puerto Inca,Codo del Pozuzo,2488,54.5,12.45,6067
Huánuco,Puerto Inca,Honoria,2476,58.1,6.55,5628
Huánuco,Puerto Inca,Puerto Inca,3833,58.26,9.61,8633
Huánuco,Puerto Inca,Tournavista,2055,51.18,10.77,5052
Huánuco,Puerto Inca,Yuyapichis,2112,47.89,9.3,5652
Huánuco,Yarowilca,Aparicio Pomares,3912,71.85,24.44,5743
Huánuco,Yarowilca,Cahuac,1729,46.58,9.38,3374
Huánuco,Yarowilca,Chacabamba,2008,69.23,10.01,3007
Huánuco,Yarowilca,Chavinillo,4639,64.66,22.54,6721
Huánuco,Yarowilca,Choras,2438,40.73,19.49,3438
Huánuco,Yarowilca,Jacas Chico,1219,40.04,19.58,1889
Huánuco,Yarowilca,Obas,4576,36.18,20.15,5967
Huánuco,Yarowilca,Pampamarca,1296,63.02,18.02,2241
Ica,Chincha,Alto Larán,2842,22.82,4.32,6220
Ica,Chincha,Chavín,529,37.47,15.8,1096
Ica,Chincha,Chincha Alta,27175,26.07,1.77,59574
Ica,Chincha,Chincha Baja,6563,17.72,3.45,12195
Ica,Chincha,El Carmen,5350,18.38,4.83,11725
Ica,Chincha,Grocio Prado,8333,32.74,3.36,20621
Ica,Chincha,Pueblo Nuevo,21638,30.69,2.6,52143
Ica,Chincha,San Juan de Yanac,121,60,9.64,471
Ica,Chincha,San Pedro de Huacarpana,566,52.33,5.48,1576
Ica,Chincha,Sunampe,11075,24.88,2.04,23969
Ica,Chincha,Tambo de Mora,2414,22.93,1.34,4725
Ica,Ica,Ica,57528,22.43,1.42,125189
Ica,Ica,La Tinguiña,11239,26.55,3.07,30902
Ica,Ica,Los Aquijes,7722,18.02,2.5,16298
Ica,Ica,Ocucaje,1906,30.87,5.84,3639
Ica,Ica,Pachacutec,3175,17,2.74,6000
Ica,Ica,Parcona,17450,30.95,2.73,50349
Ica,Ica,Pueblo Nuevo,2511,17.04,2.4,4588
Ica,Ica,Salas,9027,11.44,2.95,17973
Ica,Ica,San José de los Molinos,2779,17.14,5.85,6070
Ica,Ica,San Juan Bautista,6384,20.45,2.06,12430
Ica,Ica,Santiago,12542,13.78,4.52,23657
Ica,Ica,Subtanjalla,9148,23.36,2.26,19019
Ica,Ica,Tate,2130,16.12,1.13,4101
Ica,Ica,Yauca del Rosario,380,47.93,8.76,1117
Ica,Nazca,Changuillo,728,27.75,10.54,1950
Ica,Nazca,El Ingenio,1193,38,9.12,2932
Ica,Nazca,Marcona,7859,21.65,1.92,12876
Ica,Nazca,Nazca,7450,33.83,3.86,26062
Ica,Nazca,Vista Alegre,4946,34.84,5.07,13711
Ica,Palpa,Llipata,603,18.36,7.54,1420
Ica,Palpa,Palpa,3183,30.09,4.74,7250
Ica,Palpa,Rio Grande,1253,25.28,7.57,2731
Ica,Palpa,Santa Cruz,393,30.94,4.7,1060
Ica,Palpa,Tibillo,136,34.1,8.74,414
Ica,Pisco,Huancano,539,30.4,6.88,1758
Ica,Pisco,Humay,1715,33.66,7.86,5437
Ica,Pisco,Independencia,2525,31.95,6.45,12390
Ica,Pisco,Paracas,1941,15.22,2.32,4146
Ica,Pisco,Pisco,23095,28.4,1.7,54997
Ica,Pisco,San André,4268,36.36,2.01,13151
Ica,Pisco,San Clemente,6664,25.89,5.64,19324
Ica,Pisco,Túpac Amaru Inca,6058,28.83,2.92,14676
Junín,Chanchamayo,Chanchamayo,7178,37.26,5.7,26310
Junín,Chanchamayo,Perené,15228,44.21,8.84,56292
Junín,Chanchamayo,Pichanaqui,11379,47.19,7.89,50529
Junín,Chanchamayo,San Luis de Shuaro,1962,48,10.53,6977
Junín,Chanchamayo,San Ramón,9516,38.59,6.64,26088
Junín,Chanchamayo,Vitoc,1426,25.34,8.08,2753
Junín,Chupaca,Ahuac,1490,38.73,9.11,6547
Junín,Chupaca,Chongos Bajo,1038,49.4,8.58,4409
Junín,Chupaca,Chupaca,4607,36.95,5.67,20976
Junín,Chupaca,Huachac,954,25.16,7.54,3738
Junín,Chupaca,Huamancaca Chico,871,50.32,7.03,4998
Junín,Chupaca,San Juan de Jarpa,568,57.45,14.57,3664
Junín,Chupaca,San Juan de Yscos,448,32.1,10.58,2332
Junín,Chupaca,Tres de Diciembre,462,41.49,9.05,1920
Junín,Chupaca,Yanacancha,500,50,11.62,3294
Junín,Concepción,Aco,582,58.78,12.01,1951
Junín,Concepción,Andamarca,2022,69.57,26.15,5506
Junín,Concepción,Chambara,437,33.06,13.92,2985
Junín,Concepción,Cochas,765,68.97,11.25,2227
Junín,Concepción,Comas,2181,10.63,16.92,7801
Junín,Concepción,Concepción,4802,34.14,4.98,14131
Junín,Concepción,Heroínas Toledo,404,52.94,8.84,1422
Junín,Concepción,Manzanares,502,40.79,5.62,1540
Junín,Concepción,Mariscal Castilla,318,62.92,12.79,1509
Junín,Concepción,Matahuasi,945,28.99,6.71,5162
Junín,Concepción,Mito,374,34.57,5.92,1476
Junín,Concepción,Nueve de Julio,417,38.69,7.96,1774
Junín,Concepción,Orcotuna,894,44.23,6.69,4056
Junín,Concepción,San jose de quero,949,52.13,9.66,6452
Junín,Concepción,Santa rosa de ocopa,654,33.93,7.9,2129
Junín,Huancayo,Carhuacallanga,272,50.92,13.4,840
Junín,Huancayo,Chacapampa,374,53.57,21.89,1212
Junín,Huancayo,Chicche,424,35.65,19.06,1271
Junín,Huancayo,Chilca,18293,42.5,5.91,77392
Junín,Huancayo,Chongos Alto,538,49.88,17.89,1686
Junín,Huancayo,Chupuro,629,49.73,12.8,2012
Junín,Huancayo,Colca,610,55.17,11.34,1994
Junín,Huancayo,Cullhuas,772,54.79,21.58,2583
Junín,Huancayo,El Tambo,51880,28.47,3.22,146847
Junín,Huancayo,Huacrapuquio,391,59.16,15.32,1415
Junín,Huancayo,Hualhuas,881,36.8,7.39,3903
Junín,Huancayo,Huancán,3650,42.05,7.49,15024
Junín,Huancayo,Huancayo,34733,33.24,3.94,112054
Junín,Huancayo,Huasicancha,256,49.35,11.11,992
Junín,Huancayo,Huayucachi,1873,42.48,8.17,8076
Junín,Huancayo,Ingenio,964,37.4,11.22,2652
Junín,Huancayo,Pariahuanca,3028,60.58,22.13,7057
Junín,Huancayo,Pilcomayo,4290,34.14,5.25,13295
Junín,Huancayo,Pucará,1991,54.49,13.01,5655
Junín,Huancayo,Quichuay,517,36.87,12.7,1929
Junín,Huancayo,Quilcas,1073,41.53,10.05,4015
Junín,Huancayo,San Agustín,2351,35.23,6.63,10267
Junín,Huancayo,San Jerónimo de Tunán,3128,36.59,5.9,9658
Junín,Huancayo,Saño,1079,38.83,8.3,3778
Junín,Huancayo,Santo Domingo de Acobamba,3696,52.77,20.68,8055
Junín,Huancayo,Sapallanga,2169,48.58,11.63,13087
Junín,Huancayo,Sicaya,1888,27.13,9.59,7532
Junín,Huancayo,Viques,620,54.32,9.27,2065
Junín,Jauja,Acolla,2347,37.84,9.41,8402
Junín,Jauja,Apata,1291,36.72,8.68,4956
Junín,Jauja,Ataura,520,25.94,5.77,1269
Junín,Jauja,Canchayllo,504,14.13,9.91,1774
Junín,Jauja,Curicaca,372,21.84,9.17,1756
Junín,Jauja,El Mantaro,669,28.62,5.72,2612
Junín,Jauja,Huamalí,558,38.98,4.95,1968
Junín,Jauja,Huaripampa,452,30.33,5.19,1049
Junín,Jauja,Huertas,419,51.87,5.95,1865
Junín,Jauja,Janjaillo,356,55.56,17.8,905
Junín,Jauja,Jauja,4805,37.12,3.49,16524
Junín,Jauja,Julcán,334,34.24,7.63,848
Junín,Jauja,Leonor Ordoñez,607,26.12,7.34,1651
Junín,Jauja,Llocllapampa,504,23.75,9.57,1343
Junín,Jauja,Marco,547,30.32,11.73,2041
Junín,Jauja,Masma,773,49.75,8.46,2229
Junín,Jauja,Masma Chicche,176,11.19,12.67,912
Junín,Jauja,Molinos,710,53.12,9.56,1816
Junín,Jauja,Monobamba,373,56.59,9.06,1353
Junín,Jauja,Muqui,282,23.18,5.92,1057
Junín,Jauja,Muquiyauyo,864,23.99,6.87,2399
Junín,Jauja,Paca,409,43.49,12.31,1251
Junín,Jauja,Paccha,432,23.05,8.32,2123
Junín,Jauja,Pancán,269,29.21,8.4,1398
Junín,Jauja,Parco,477,31.26,9.65,1504
Junín,Jauja,Pomacancha,591,43.9,13.04,2141
Junín,Jauja,Ricrán,528,58.06,13.8,1972
Junín,Jauja,San Lorenzo,531,31.06,8.58,2265
Junín,Jauja,San Pedro de Chunán,184,39.56,9.05,974
Junín,Jauja,Sausa,985,35.48,7.72,2806
Junín,Jauja,Sincos,1448,37.83,6.56,4469
Junín,Jauja,Tunan Marca,315,33.66,10.06,1404
Junín,Jauja,Yauli,555,43.37,9.5,1640
Junín,Jauja,Yauyos,2668,37.03,5.47,9377
Junín,Junín,Carhuamayo,2046,42.17,13.05,8386
Junín,Junín,Junín,4422,40.47,10.16,12088
Junín,Junín,Ondores,824,46.11,5.84,2571
Junín,Junín,Ulcumayo,2152,65.25,21.61,7142
Junín,Satipo,Coviriali,1236,60.54,12,5266
Junín,Satipo,Llaylla,945,53.53,13.01,5143
Junín,Satipo,Mazamari-Pangoa,19436,48.36,11.88,81092
Junín,Satipo,Pampa Hermosa,2478,40.41,11.61,7508
Junín,Satipo,Río Negro,7785,35.67,9.75,25981
Junín,Satipo,Río Tambo,16637,57.49,17.11,32575
Junín,Satipo,Satipo,10481,41.9,6.48,36307
Junín,Tarma,Acobamba,3088,52.21,6.36,13402
Junín,Tarma,Huaricolca,675,53.22,10.59,3003
Junín,Tarma,Huasahuasi,2665,53.16,11.99,15384
Junín,Tarma,La Unión,1248,45.22,8.37,3839
Junín,Tarma,Palca,1437,52.24,9.78,6415
Junín,Tarma,Palcamayo,1229,42.26,10.13,8295
Junín,Tarma,San Pedro de Cajas,1499,67.06,14.96,5808
Junín,Tarma,Tapo,1754,67.37,16.23,5919
Junín,Tarma,Tarma,14184,39.73,5.53,50165
Junín,Yauli,Chacapalpa,291,26.58,7.75,918
Junín,Yauli,Huay-Huay,1099,18.67,3.12,1675
Junín,Yauli,La oroya,10332,27.18,2.78,18606
Junín,Yauli,Marcapomacocha,492,26.41,4.27,1267
Junín,Yauli,Morococha,3783,11.33,2.01,5397
Junín,Yauli,Paccha,812,29.24,4.68,1883
Junín,Yauli,Santa Barbara de Carhuacayán,498,15.1,11.21,1935
Junín,Yauli,Santa Rosa de Sacco,5963,27.61,2.71,11297
Junín,Yauli,Suitucancha,339,47.46,3.14,907
Junín,Yauli,Yauli,4258,11.07,1.75,5953
La Libertad,Ascope,Ascope,3318,31.58,6.39,7012
La Libertad,Ascope,Casa Grande,16961,26.44,4.71,29884
La Libertad,Ascope,Chicama,8874,29.58,6.35,15056
La Libertad,Ascope,Chocope,6008,24.44,5.31,10138
La Libertad,Ascope,Magdalena de Cao,1805,18.53,7.08,2884
La Libertad,Ascope,Paiján,9691,33.51,6.79,23194
La Libertad,Ascope,Rázuri,3787,26.72,5.18,8330
La Libertad,Ascope,Santiago de Cao,10490,26.48,4.45,19731
La Libertad,Bolívar,Bambamarca,2295,54.53,20.28,3537
La Libertad,Bolívar,Bolívar,3055,50.66,12.72,4751
La Libertad,Bolívar,Condormarca,1133,59.28,12.35,2222
La Libertad,Bolívar,Longotea,1225,35.79,9.36,2306
La Libertad,Bolívar,Uchumarca,1404,50.32,8.83,2888
La Libertad,Bolívar,Ucuncha,563,43.82,12.5,946
La Libertad,Chepén,Chepán,16515,32.32,5.88,45639
La Libertad,Chepén,Pacanga,7071,24.78,10.43,17976
La Libertad,Chepén,Pueblo Nuevo,4896,19,9.1,12365
La Libertad,Gran Chimú,Cascas,5180,42.14,10.69,14191
La Libertad,Gran Chimú,Compín,895,49.03,13.59,2441
La Libertad,Gran Chimú,Lucma,3286,57.27,12.8,5774
La Libertad,Gran Chimú,Sayapullo,3537,36.41,14.04,7993
La Libertad,Julcán,Calamarca,3531,52.8,17.8,6446
La Libertad,Julcán,Carabamba,4910,70.94,16.73,7104
La Libertad,Julcán,Huaso,3173,73.05,17.63,6423
La Libertad,Julcán,Julcán,7738,67.44,17.43,13012
La Libertad,Otuzco,Agallpampa,6660,64.67,18.68,9802
La Libertad,Otuzco,Charat,1383,23.59,11.22,3095
La Libertad,Otuzco,Huaranchal,1755,53.02,12.86,5087
La Libertad,Otuzco,La Cuesta,472,19.7,11.61,708
La Libertad,Otuzco,Mache,2101,46.41,11.64,3195
La Libertad,Otuzco,Otuzco,7141,50.81,12.21,25265
La Libertad,Otuzco,Paranday,456,59.11,11.09,689
La Libertad,Otuzco,Salpo,4024,57.24,12.69,6437
La Libertad,Otuzco,Sinsicap,4127,62.2,21.94,8271
La Libertad,Otuzco,Usquil,8054,64.28,18.91,26268
La Libertad,Pacasmayo,Guadalupe,11559,27.11,7.74,37239
La Libertad,Pacasmayo,Jequetepeque,2001,16.81,7.55,3457
La Libertad,Pacasmayo,Pacasmayo,12650,25.71,2.92,26118
La Libertad,Pacasmayo,San José,2980,21.02,9.02,11414
La Libertad,Pacasmayo,San Pedro de Lloc,8580,20.46,4.58,16149
La Libertad,Pataz,Buldibuyo,957,60.23,16.43,3836
La Libertad,Pataz,Chillia,4324,66.36,32.24,12043
La Libertad,Pataz,Huancaspata,2037,67.24,25.79,6352
La Libertad,Pataz,Huaylillas,416,61.79,17.83,2338
La Libertad,Pataz,Huayo,1622,68.71,25.4,4145
La Libertad,Pataz,Ongon,810,72.97,30.76,1694
La Libertad,Pataz,Parcoy,8014,18.5,10.64,16437
La Libertad,Pataz,Patáz,2068,34.86,10.05,7410
La Libertad,Pataz,Pias,358,19.88,17.9,1525
La Libertad,Pataz,Santiago de Challas,1034,64.56,21.5,2797
La Libertad,Pataz,Taurija,1244,63.83,24.08,3002
La Libertad,Pataz,Tayabamba,5221,51.25,23.09,13785
La Libertad,Pataz,Urpay,1885,64.76,23.59,3019
La Libertad,Sánchez Carrión,Chugay,9044,64.4,30.26,17236
La Libertad,Sánchez Carrión,Cochorco,5007,39.9,24.69,8751
La Libertad,Sánchez Carrión,Curgos,3471,53.48,28.37,8181
La Libertad,Sánchez Carrión,Huamachuco,20141,44.59,22.47,52459
La Libertad,Sánchez Carrión,Marcabal,7133,66.51,36.16,14807
La Libertad,Sánchez Carrión,Sanagorán,6471,43.4,36.76,12983
La Libertad,Sánchez Carrión,Sarín,4652,65.44,30.75,9156
La Libertad,Sánchez Carrión,Sartimbamba,5657,57.61,35.17,12648
La Libertad,Santiago de Chuco,Angasmarca,2939,17.57,15.5,6052
La Libertad,Santiago de Chuco,Cachicadán,2806,34.09,15.01,6663
La Libertad,Santiago de Chuco,Mollebamba,729,29.33,15.71,1955
La Libertad,Santiago de Chuco,Mollepata,1024,65.68,21.94,2748
La Libertad,Santiago de Chuco,Quiruvilca,7446,30.54,12.77,14060
La Libertad,Santiago de Chuco,Santa Cruz de Chuca,1473,64.11,14.69,3228
La Libertad,Santiago de Chuco,Santiago de Chuco,8787,58.03,11.86,19860
La Libertad,Santiago de Chuco,Sitabamba,2061,44.76,23.82,3754
La Libertad,Trujillo,El Porvenir,42314,34.63,5.63,140507
La Libertad,Trujillo,Florencia de Mora,11242,38.09,5.5,40014
La Libertad,Trujillo,Huanchaco,15433,32.34,4.35,44806
La Libertad,Trujillo,La Esperanza,51512,31.83,4.06,151845
La Libertad,Trujillo,Laredo,13431,33.07,5.94,32825
La Libertad,Trujillo,Moche,14067,26.91,4.06,29727
La Libertad,Trujillo,Poroto,905,49.69,11.36,3601
La Libertad,Trujillo,Salaverry,7791,24,3.25,13892
La Libertad,Trujillo,Simbal,1689,51.17,10.93,4082
La Libertad,Trujillo,Trujillo,131695,20.83,1.67,294899
La Libertad,Trujillo,Victor Larco Herrera,27881,20.81,2.08,55781
La Libertad,Virú,Chao,9341,24.61,8.32,22826
La Libertad,Virú,Guadalupito,3110,35.35,9.93,6232
La Libertad,Virú,Virú,19831,23.8,7.97,47652
Lambayeque,Chiclayo,Cayalti,9998,31.14,8.7,16557
Lambayeque,Chiclayo,Chiclayo,122301,26.08,2.31,260948
Lambayeque,Chiclayo,Chongoyape,10453,19.7,8.43,17540
Lambayeque,Chiclayo,Etén,4514,50.5,11.87,10673
Lambayeque,Chiclayo,Etén Puerto,1464,27.63,1.19,2238
Lambayeque,Chiclayo,José Leonardo Ortiz,52310,44.15,4.74,161717
Lambayeque,Chiclayo,La Victoria,30086,34.34,4.35,77699
Lambayeque,Chiclayo,Lagunas,4865,28.07,7.53,9351
Lambayeque,Chiclayo,Monsefu,8070,46.98,11.08,30123
Lambayeque,Chiclayo,Nueva Arica,1364,10.7,7.31,2420
Lambayeque,Chiclayo,Oyotún,5368,18.11,9.25,9954
Lambayeque,Chiclayo,Patapo,12129,27.53,10.24,20876
Lambayeque,Chiclayo,Picsi,4899,36.95,6.51,8942
Lambayeque,Chiclayo,Pimentel,14004,27,3.13,32346
Lambayeque,Chiclayo,Pomalca,13937,32.05,6.64,23092
Lambayeque,Chiclayo,Pucalá,6097,25.68,6.06,9272
Lambayeque,Chiclayo,Reque,5002,33.98,5.83,12606
Lambayeque,Chiclayo,Saña,8050,26.3,7.95,12013
Lambayeque,Chiclayo,Santa Rosa,4179,42.4,4.73,10965
Lambayeque,Chiclayo,Tuman,16167,24.61,5.89,28120
Lambayeque,Ferreñafe,Cañaris,6548,48.9,39.02,13038
Lambayeque,Ferreñafe,Ferreñafe,13844,27.23,4.96,32665
Lambayeque,Ferreñafe,Incahuasi,8706,49.71,33.16,14230
Lambayeque,Ferreñafe,Manuel Antonio Mesones Muro,2128,19.69,8.73,4083
Lambayeque,Ferreñafe,Pitipo,11361,20.27,13.21,20080
Lambayeque,Ferreñafe,Pueblo Nuevo,5194,28.46,6.11,12046
Lambayeque,Lambayeque,Chóchope,806,32.77,18.56,1231
Lambayeque,Lambayeque,Illimo,5018,30.81,7.13,9107
Lambayeque,Lambayeque,Jayanca,8716,25.1,9.11,15042
Lambayeque,Lambayeque,Lambayeque,28592,25.37,5.14,63386
Lambayeque,Lambayeque,Mochumí,7302,21.91,9.43,18043
Lambayeque,Lambayeque,Mórrope,22237,22.82,12.76,39174
Lambayeque,Lambayeque,Motupe,10899,29.11,6.59,24011
Lambayeque,Lambayeque,Olmos,14891,35.8,13.68,36595
Lambayeque,Lambayeque,Pacora,3698,24.31,8.89,6795
Lambayeque,Lambayeque,Salas,6303,41.18,23,12998
Lambayeque,Lambayeque,San José,4516,41.83,4.19,12078
Lambayeque,Lambayeque,Túcume,8216,30.84,8.65,20814
Lima,Barranca,Barranca,19833,35.4,4.71,61178
Lima,Barranca,Paramonga,11738,34.1,6.25,24009
Lima,Barranca,Pativilca,6786,32.46,9.22,17108
Lima,Barranca,Supe,8332,27.52,6.11,20512
Lima,Barranca,Supe Puerto,5606,30.69,4.5,11097
Lima,Cajatambo,Cajatambo,1134,39.78,12.17,2790
Lima,Cajatambo,Copa,414,34.55,19.5,990
Lima,Cajatambo,Gorgor,749,49.05,6.8,2275
Lima,Cajatambo,Huancapón,418,28.19,10.33,1225
Lima,Cajatambo,Manás,415,42.39,3.35,1078
Lima,Cañete,Asia,2942,20.99,2.76,6618
Lima,Cañete,Calango,675,22.19,2.55,2224
Lima,Cañete,Cerro Azul,3567,27.05,3.61,6893
Lima,Cañete,Chilca,6044,27.34,2.8,14559
Lima,Cañete,Coayllo,303,45.59,1.69,1031
Lima,Cañete,Imperial,14557,30.59,4.22,36340
Lima,Cañete,Lunahuaná,2304,39.45,2.08,4567
Lima,Cañete,Mala,12892,30.06,3.02,27881
Lima,Cañete,Nuevo Imperial,7196,23.94,4.78,19026
Lima,Cañete,Pacarán,911,26.44,3.72,1687
Lima,Cañete,Quilmaná,6768,22.83,4.46,13663
Lima,Cañete,San Antonio,1877,28.22,1.87,3640
Lima,Cañete,San Luis,5948,22.76,5.95,11940
Lima,Cañete,San Vicente de Cañete,20949,26.37,4.21,46464
Lima,Cañete,Santa Cruz de Flores,1231,30.34,2.23,2547
Lima,Cañete,Zuñiga,961,15.45,2.87,1582
Lima,Canta,Arahuay,225,54.24,1.87,686
Lima,Canta,Canta,1295,37.29,4.19,2978
Lima,Canta,Huamantanga,393,50.17,2.87,1265
Lima,Canta,Huaros,335,54.44,5.18,921
Lima,Canta,Lachaqui,303,34.4,5.39,985
Lima,Canta,San Buenaventura,142,40.12,3.13,505
Lima,Canta,Santa Rosa de Quives,2100,24.64,7.19,6173
Lima,Huaral,Atavillos Alto,372,28.46,2.43,976
Lima,Huaral,Atavillos Bajo,291,47,2.66,1374
Lima,Huaral,Aucallama,6091,23.45,8.2,16195
Lima,Huaral,Chancay,23435,30.49,5.97,49932
Lima,Huaral,Huaral,25196,33.36,4.95,88558
Lima,Huaral,Ihuarí,604,54.37,6.77,2671
Lima,Huaral,Lampían,88,63.5,3.83,519
Lima,Huaral,Pacaraos,133,29.43,4.71,747
Lima,Huaral,San Miguel de Acos,173,37.5,3.55,754
Lima,Huaral,Santa Cruz de Andamarca,283,34.12,3.12,1219
Lima,Huaral,Sumbilca,212,46.32,3.4,1171
Lima,Huaral,Veintisiete de Noviembre,73,53.88,8.1,544
Lima,Huarochirí,Antioquía,514,38.08,4.46,1376
Lima,Huarochirí,Callahuanca,1024,35.9,0.73,2405
Lima,Huarochirí,Carampoma,442,38.28,3.92,1161
Lima,Huarochirí,Chicla,5402,6.14,1.61,7194
Lima,Huarochirí,Cuenca,131,58.16,1.87,392
Lima,Huarochirí,Huachupampa,445,47.27,0.9,1566
Lima,Huarochirí,Huanza,551,66.53,5.13,1856
Lima,Huarochirí,Huarochirí,532,45.29,5.39,1590
Lima,Huarochirí,Lahuaytambo,290,55.8,3.18,837
Lima,Huarochirí,Langa,442,61.71,4.32,1056
Lima,Huarochirí,Laraos,261,46.88,3.37,1234
Lima,Huarochirí,Mariatana,531,58,3.14,1419
Lima,Huarochirí,Matucana,1970,39.41,2.59,4508
Lima,Huarochirí,Ricardo Palma,2397,26.48,2.91,5769
Lima,Huarochirí,San Andrés de Tupicocha,283,50.08,5.74,1423
Lima,Huarochirí,San Antonio,647,61.15,3.12,4516
Lima,Huarochirí,San Bartolomé,631,38.14,1.9,1793
Lima,Huarochirí,San Damián,317,56.88,2.79,1489
Lima,Huarochirí,San Juan de Iris,120,49.64,1.34,1010
Lima,Huarochirí,San Juan de Tantaranche,224,36.36,2.92,484
Lima,Huarochirí,San Lorenzo de Quinti,337,51.66,4.17,1681
Lima,Huarochirí,San Mateo,2752,23.77,4.03,5280
Lima,Huarochirí,San Mateo de Otao,312,54.51,1.69,1833
Lima,Huarochirí,San Pedro de Casta,501,52.64,3.52,1195
Lima,Huarochirí,San Pedro de Huancayre,135,47.29,6.9,262
Lima,Huarochirí,Sangallaya,216,40.93,7.37,678
Lima,Huarochirí,Santa Cruz de Cocachacra,1045,34.98,4.3,2302
Lima,Huarochirí,Santa Eulalia,4364,27.26,2.99,10591
Lima,Huarochirí,Santiago de Anchucaya,442,40.17,7.69,575
Lima,Huarochirí,Santiago de Tuna,75,72.24,3.68,666
Lima,Huarochirí,Santo Domingo de los Olleros,997,45.11,2.41,2906
Lima,Huarochirí,Surco,533,49.42,2.42,1798
Lima,Huaura,Ambar,1001,53.15,7.8,2825
Lima,Huaura,Caleta de Carquín,2405,49.61,2.76,6091
Lima,Huaura,Checras,422,55.86,13.26,1492
Lima,Huaura,Huacho,27528,25.28,1.56,55442
Lima,Huaura,Hualmay,10914,38.98,2.35,26808
Lima,Huaura,Huaura,11904,29.68,6.93,31212
Lima,Huaura,Leoncio Prado,566,39.84,5.4,2012
Lima,Huaura,Paccho,437,63.17,5,2055
Lima,Huaura,Santa Leonor,435,50.21,4.72,1521
Lima,Huaura,Santa María,11431,35.67,2.66,27699
Lima,Huaura,Sayán,10958,23.32,8.46,21962
Lima,Huaura,Vegueta,8200,29,6.27,18265
Lima,Lima,Ancón,11713,31.26,2.16,33367
Lima,Lima,Ate,161645,30.5,2.47,478278
Lima,Lima,Barranco,20115,15.85,0.65,33903
Lima,Lima,Breña,42915,19.4,0.76,81909
Lima,Lima,Carabayllo,75350,32.28,2.73,213386
Lima,Lima,Chaclacayo,19755,22.36,2.49,41110
Lima,Lima,Chorrillos,131004,24.69,1.9,286977
Lima,Lima,Cieneguilla,8829,24.9,4.06,26725
Lima,Lima,Comas,184757,27.31,1.93,486977
Lima,Lima,El Agustino,61981,36.34,2.81,180262
Lima,Lima,Independencia,78404,28.53,2.47,207647
Lima,Lima,Jesús Maria,42989,10.63,0.47,66171
Lima,Lima,La Molina,91545,9.25,0.65,132498
Lima,Lima,La victoria,74872,31.02,1.38,192724
Lima,Lima,Lima,142004,24.43,1.35,299493
Lima,Lima,Lince,32770,14.13,0.44,55242
Lima,Lima,Los Olivos,134062,24.29,1.36,318140
Lima,Lima,Lurigancho,63074,26.3,3.23,169359
Lima,Lima,Lurin,24560,29.73,2.73,62940
Lima,Lima,Magdalena del Mar,31578,13.02,0.79,50764
Lima,Lima,Magdalena Vieja,48149,11.89,0.52,74164
Lima,Lima,Miraflores,61226,8.14,0.29,85065
Lima,Lima,Pachacamac,21544,26.81,3.36,68441
Lima,Lima,Pucusana,3779,36.9,1.98,10633
Lima,Lima,Puente Piedra,69803,29.58,2.83,233602
Lima,Lima,Punta Hermosa,2392,22.85,1.78,5762
Lima,Lima,Punta Negra,2464,23.6,1.74,5284
Lima,Lima,Rimac,76512,26.02,1.61,176169
Lima,Lima,San Bartolo,3130,21.27,2.88,5812
Lima,Lima,San Borja,74779,7.98,0.48,105076
Lima,Lima,San isidro,44476,5.85,0.33,58056
Lima,Lima,San Juan de Lurigancho,281511,29.76,2.13,898443
Lima,Lima,San Juan de Miraflores,135595,26,2.38,362643
Lima,Lima,San Luis,24012,22.91,0.98,54634
Lima,Lima,San Martin de Porres,243355,23.3,1.36,579561
Lima,Lima,San Miguel,80225,13.66,0.59,129107
Lima,Lima,Santa Anita,62550,30.66,2.19,184614
Lima,Lima,Santa Maria del Mar,398,16.03,2.99,761
Lima,Lima,Santa Rosa,4641,26.67,1.59,10903
Lima,Lima,Santiago de Surco,195861,11.15,0.57,289597
Lima,Lima,Surquillo,49543,18,0.77,89283
Lima,Lima,Villa el Salvador,134447,30.88,2.21,381790
Lima,Lima,Villa Maria del Triunfo,129657,29.55,2.49,378470
Lima,Oyón,Andajes,181,45.4,14.71,1028
Lima,Oyón,Caujul,345,37.24,6.43,917
Lima,Oyón,Cochamarca,576,50.17,8.25,1490
Lima,Oyón,Naván,343,48.1,3.79,1074
Lima,Oyón,Oyón,6922,19.76,7.09,12812
Lima,Oyón,Pachangara,1167,38.79,5.6,3321
Lima,Yauyos,Alis,1284,4.49,0.7,1519
Lima,Yauyos,Ayauca,1023,23.64,2.41,1773
Lima,Yauyos,Ayaviri,325,36.96,4.59,752
Lima,Yauyos,Azángaro,138,57.03,7.56,603
Lima,Yauyos,Cacra,231,56.56,10.09,544
Lima,Yauyos,Carania,87,33.11,3.91,330
Lima,Yauyos,Catahuasi,363,43.77,5.83,1090
Lima,Yauyos,Chocos,313,57.44,15.41,1074
Lima,Yauyos,Cochas,76,60.43,2.63,293
Lima,Yauyos,Colonia,517,53.71,2.49,1439
Lima,Yauyos,Hongos,240,60.45,11.28,435
Lima,Yauyos,Huampara,89,48.2,2.58,256
Lima,Yauyos,Huancaya,75,51.17,1.58,1001
Lima,Yauyos,Huañec,179,50,3.25,467
Lima,Yauyos,Huangáscar,257,46.18,11.74,668
Lima,Yauyos,Huantán,299,48.74,5.06,926
Lima,Yauyos,Laraos,462,21.3,4.16,960
Lima,Yauyos,Lincha,204,50.22,10.07,771
Lima,Yauyos,Madean,340,61.82,10.06,822
Lima,Yauyos,Miraflores,170,25.29,2.56,441
Lima,Yauyos,Omas,301,49.25,3.68,656
Lima,Yauyos,Putinza,184,59.04,2.56,452
Lima,Yauyos,Quinches,351,52.73,5.15,1064
Lima,Yauyos,Quinocay,254,49.38,3.16,608
Lima,Yauyos,San Joaquín,36,43.37,0.77,320
Lima,Yauyos,San Pedro de Pilas,184,50.27,5.52,418
Lima,Yauyos,Tanta,155,30.25,6.71,500
Lima,Yauyos,Tauripampa,197,65.7,2.04,573
Lima,Yauyos,Tomas,386,21.05,1.24,1077
Lima,Yauyos,Tupe,349,62.2,13.08,655
Lima,Yauyos,Viñac,687,54.95,13.89,1791
Lima,Yauyos,Vitis,162,34.54,1.36,525
Lima,Yauyos,Yauyos,1013,32.75,2.07,2698
Loreto,Alto Amazonas,Balsapuerto,7827,34.24,36.03,13868
Loreto,Alto Amazonas,Jeberos,2456,46.56,20.39,4198
Loreto,Alto Amazonas,Lagunas,9517,56.21,8.34,13270
Loreto,Alto Amazonas,Santa Cruz,2416,57.26,12.04,4094
Loreto,Alto Amazonas,Teniente César López Rojas,3627,54.79,9.27,5892
Loreto,Alto Amazonas,Yurimaguas,30691,41.3,5.66,63345
Loreto,Datem del Marañón,Andoas,5239,44.41,32.17,9375
Loreto,Datem del Marañón,Barranca,6271,46.34,8.61,11864
Loreto,Datem del Marañón,Cahuapanas,4077,54.08,28.21,6822
Loreto,Datem del Marañón,Manseriche,6004,52.15,13.51,9017
Loreto,Datem del Marañón,Morona,4190,59.8,18.35,6356
Loreto,Datem del Marañón,Pastaza,3397,59.93,17.99,6137
Loreto,Loreto,Nauta,15584,50.51,5.85,28681
Loreto,Loreto,Parinari,3988,57.93,6,7292
Loreto,Loreto,Tigre,5086,48.85,10.76,7304
Loreto,Loreto,Trompeteros,5838,17.35,11.85,7450
Loreto,Loreto,Urarinas,6475,55.5,25.6,11438
Loreto,Mariscal Ramón Castilla,Pebas,6049,53.57,7.27,13624
Loreto,Mariscal Ramón Castilla,Ramón Castilla,9906,52.68,9.7,18783
Loreto,Mariscal Ramón Castilla,San Pablo,4095,61.66,11.22,12197
Loreto,Mariscal Ramón Castilla,Yavari,4259,49.04,9.37,10225
Loreto,Maynas,Alto Nanay,2140,62.22,7.53,2617
Loreto,Maynas,Belén,32020,49.18,2.61,68806
Loreto,Maynas,Fernando Lores,8614,60.18,5.37,19127
Loreto,Maynas,Indíana,6602,52.24,5.94,12198
Loreto,Maynas,Iquitos,80851,33.16,1.34,159023
Loreto,Maynas,Las Amazonas,5512,52.17,8.9,10331
Loreto,Maynas,Mazán,7730,51,8.01,13098
Loreto,Maynas,Napo,7355,48.51,9.7,14882
Loreto,Maynas,Punchana,36796,40.14,2.29,76435
Loreto,Maynas,Putumayo,4385,42.82,6.86,5638
Loreto,Maynas,San Juan Bautista,49980,41.23,2.25,102076
Loreto,Maynas,Teniente Manuel Clavero,2595,56.75,8.69,3896
Loreto,Maynas,Torres Causana,2884,30.49,19.3,4865
Loreto,Requena,Alto Tapiche,824,30.46,8.01,1947
Loreto,Requena,Capelo,1828,54.32,5.08,3941
Loreto,Requena,Emilio San Martín,2402,60.29,4.4,6911
Loreto,Requena,Jenaro Herrera,2051,65.66,4.11,5116
Loreto,Requena,Maquía,3495,62.91,4.42,7905
Loreto,Requena,Puinahua,1740,47.55,3.31,5298
Loreto,Requena,Requena,11782,45.42,3.65,25987
Loreto,Requena,Saquena,1461,44.63,3.67,4536
Loreto,Requena,Soplin,315,41.05,3.9,613
Loreto,Requena,Tapiche,615,33.86,5.74,1042
Loreto,Requena,Yaquerana,2062,47.39,10.41,2396
Loreto,Ucayali,Contamana,11746,43.59,3.17,23184
Loreto,Ucayali,Inahuaya,1029,47.24,3.14,2143
Loreto,Ucayali,Padre Márquez,3151,38.07,5.94,5560
Loreto,Ucayali,Pampa Hermosa,2399,45.21,5.18,7322
Loreto,Ucayali,Sarayacu,6978,50.91,3.45,15388
Loreto,Ucayali,Vargas Guerra,3055,57.26,3.8,8219
Madre de Dios,Manu,Fitzcarrald,650,46.78,14.95,1263
Madre de Dios,Manu,Huepetuhe,1289,32.97,3.52,6978
Madre de Dios,Manu,Madre De Dios,1424,30.97,2.92,9404
Madre de Dios,Manu,Manu,1323,41.82,11.69,2645
Madre de Dios,Tahuamanu,Iberia,3419,26.59,3,6715
Madre de Dios,Tahuamanu,Iñapari,398,29.09,3.65,1288
Madre de Dios,Tahuamanu,Tahuamanu,1414,22.58,3.36,2739
Madre de Dios,Tambopata,Inambari,2498,31.24,4.98,8038
Madre de Dios,Tambopata,Laberinto,1405,40.06,4.81,4780
Madre de Dios,Tambopata,Las Piedras,1924,50.82,5.18,5491
Madre de Dios,Tambopata,Tambopata,24090,32.88,2.18,60214
Moquegua,General Sánchez Cerro,Chojata,863,57.82,12.41,2213
Moquegua,General Sánchez Cerro,Coalaque,451,45.95,8.76,1307
Moquegua,General Sánchez Cerro,Ichuña,1886,24.66,10.65,4057
Moquegua,General Sánchez Cerro,La Capilla,744,26.49,1.04,1731
Moquegua,General Sánchez Cerro,Lloque,700,35.84,6.21,1376
Moquegua,General Sánchez Cerro,Matalaque,314,31.21,6.04,1033
Moquegua,General Sánchez Cerro,Omate,1848,31.54,2.12,3900
Moquegua,General Sánchez Cerro,Puquina,982,33.93,7.47,2979
Moquegua,General Sánchez Cerro,Quinistaquillas,338,24.37,3.56,1013
Moquegua,General Sánchez Cerro,Ubinas,1294,33.48,9.17,3725
Moquegua,General Sánchez Cerro,Yunga,359,33.13,8.32,1570
Moquegua,Ilo,El Algarrobal,145,32.72,0.5,247
Moquegua,Ilo,Ilo,29205,27.9,2.12,59132
Moquegua,Ilo,Pacocha,3326,5.26,0.24,4401
Moquegua,Mariscal Nieto,Carumas,1417,38.4,16,4816
Moquegua,Mariscal Nieto,Cuchumbaya,817,31.55,16.59,1990
Moquegua,Mariscal Nieto,Moquegua,24878,24.91,4.3,49419
Moquegua,Mariscal Nieto,Samegua,3400,20.42,4.61,6515
Moquegua,Mariscal Nieto,San Cristóbal,1244,34.06,14.6,3518
Moquegua,Mariscal Nieto,Torata,3595,17.65,6.77,6591
Pasco,Daniel Alcides Carrión,Chacayán,1043,53.57,15.86,4008
Pasco,Daniel Alcides Carrión,Goyllarisquizga,834,49.42,6.9,2505
Pasco,Daniel Alcides Carrión,Paucar,961,49.09,20.58,2235
Pasco,Daniel Alcides Carrión,San Pedro de Pillao,413,19,14.83,1701
Pasco,Daniel Alcides Carrión,Santa Ana de Tusi,3394,53.73,10.98,17204
Pasco,Daniel Alcides Carrión,Tapuc,1271,38.73,15.49,3976
Pasco,Daniel Alcides Carrión,Vilcabamba,568,42.48,17.21,1894
Pasco,Daniel Alcides Carrión,Yanahuanca,5535,36.52,9.49,14280
Pasco,Oxapampa,Chontabamba,1106,44.24,8.02,3189
Pasco,Oxapampa,Huancabamba,2211,52.97,13.41,6333
Pasco,Oxapampa,Oxapampa,5981,39.58,6.19,14190
Pasco,Oxapampa,Palcazu,3617,39.11,6.68,8810
Pasco,Oxapampa,Pozuzo,3087,37.15,16.73,7760
Pasco,Oxapampa,Puerto Bermúdez,9446,52.78,12.22,23028
Pasco,Oxapampa,Villa Rica,6941,43.11,9.4,18619
Pasco,Pasco,Chaupimarca,11074,30.65,4.29,27873
Pasco,Pasco,Huachón,1463,58.66,9.92,4579
Pasco,Pasco,Huariaca,3769,35.34,9.99,7962
Pasco,Pasco,Huayllay,6856,13.38,3.26,10617
Pasco,Pasco,Ninacaca,1011,58.32,10.67,3819
Pasco,Pasco,Pallanchacra,1161,40.07,8.94,4153
Pasco,Pasco,Paucartambo,5441,48.98,8.35,20993
Pasco,Pasco,San Francisco de Asis de Yarusyacán,3932,34.67,7.59,11209
Pasco,Pasco,Simón Bolívar,7616,18.62,4.89,13681
Pasco,Pasco,Ticlacayán,1811,47.91,13.61,7543
Pasco,Pasco,Tinyahuarco,3624,18.35,3.47,5962
Pasco,Pasco,Vicco,931,30.36,7.08,2730
Pasco,Pasco,Yanacancha,15530,20.21,3.9,29596
Piura,Ayabaca,Ayabaca,12109,60.13,15.33,38730
Piura,Ayabaca,Frías,10503,61.18,26.72,23005
Piura,Ayabaca,Jilili,1047,61.82,15.54,2956
Piura,Ayabaca,Lagunas,3043,41.7,25.84,6625
Piura,Ayabaca,Montero,3141,61.06,16.03,7337
Piura,Ayabaca,Pacaipampa,9260,66.14,32.18,24760
Piura,Ayabaca,Paimas,3347,60.68,16.48,9638
Piura,Ayabaca,Sapillica,3964,73.02,23.53,11127
Piura,Ayabaca,Sicchez,1109,50.66,13.19,2274
Piura,Ayabaca,Suyo,4528,49.77,7.05,11951
Piura,Huancabamba,Canchaque,3663,45.63,16.48,8957
Piura,Huancabamba,El Carmen de la Frontera,6252,53.08,19.98,12681
Piura,Huancabamba,Huancabamba,13691,54.74,22.21,30116
Piura,Huancabamba,Huarmaca,20774,65.01,27.85,39416
Piura,Huancabamba,Lalaquiz,1832,63.79,28.59,5115
Piura,Huancabamba,San Miguel de El Faique,3728,48.88,22.83,9096
Piura,Huancabamba,Sondor,3801,61.34,24.68,8399
Piura,Huancabamba,Sondorillo,5150,71.29,30.93,10518
Piura,Morropón,Buenos Aires,3788,48.93,12.05,8753
Piura,Morropón,Chalaco,3444,62.79,18.3,9721
Piura,Morropón,Chulucanas,26690,44.25,11.75,76205
Piura,Morropón,La Matanza,3680,44,18.59,12888
Piura,Morropón,Morropón,7403,45.24,10.2,14421
Piura,Morropón,Salitral,3104,38.74,16.1,8516
Piura,Morropón,San Juan de Bigote,1954,52.56,17.06,6965
Piura,Morropón,Santa Catalina de Mossa,1696,37.28,10.41,4289
Piura,Morropón,Santo Domingo,2750,51.17,11.04,7957
Piura,Morropón,Yamango,3570,59.44,25.17,9978
Piura,Paita,Amotape,972,29.89,8.42,2305
Piura,Paita,Arenal,814,37.62,7.86,1092
Piura,Paita,Colan,5963,42.41,11.7,12332
Piura,Paita,La Huaca,7541,35.22,8.96,10867
Piura,Paita,Paita,34249,27.95,2.99,72522
Piura,Paita,Tamarindo,1571,37.15,10.65,4402
Piura,Paita,Vichayal,2265,54.13,10.32,5015
Piura,Piura,Castilla,59693,29.62,3.7,123692
Piura,Piura,Catacaos,24897,42.82,10.66,66308
Piura,Piura,Cura Mori,7735,48.14,18.88,16923
Piura,Piura,El Tallán,1838,68.01,19.48,4774
Piura,Piura,La Arena,13761,42.37,20.74,34584
Piura,Piura,La Unión,8773,42.76,12.8,36000
Piura,Piura,Las Lomas,7164,47.18,10.14,26896
Piura,Piura,Piura,134280,27.21,2.39,260363
Piura,Piura,Tambo Grande,28020,30.38,15.32,96451
Piura,Sechura,Bellavista de la Unión,2137,38.31,4.62,3954
Piura,Sechura,Bernal,2623,47.18,4.12,6449
Piura,Sechura,Cristo Nos Valga,1969,49.39,5.97,3377
Piura,Sechura,Rinconada Llicuar,1193,50.62,4.15,2855
Piura,Sechura,Sechura,14376,38.75,4.38,32965
Piura,Sechura,Vice,3881,43.93,5.31,12719
Piura,Sullana,Bellavista,11957,41.64,4.96,36072
Piura,Sullana,Ignacio Escudero,7382,39.57,11.83,17862
Piura,Sullana,Lancones,4115,42.86,12.26,13119
Piura,Sullana,Marcavelica,12674,44.3,9.85,26031
Piura,Sullana,Miguel Checa,3609,34.41,10.07,7446
Piura,Sullana,Querecotillo,9715,37.48,9.3,24452
Piura,Sullana,Salitral,3324,33.83,6.08,6097
Piura,Sullana,Sullana,56744,34.8,4.14,156601
Piura,Talara,El Alto,3601,17.92,1.56,7137
Piura,Talara,La Brea,7102,18.65,1.63,12486
Piura,Talara,Lobitos,686,31.12,1.95,1506
Piura,Talara,Los Organos,4292,32.76,1.64,9612
Piura,Talara,Máncora,3926,32.7,2.89,10547
Piura,Talara,Pariñas,39704,28.35,1.87,88108
Provincia Constitucional del Callao,Provincia Constitucional del Callao,Bellavista,43928,14.64,0.63,75163
Provincia Constitucional del Callao,Provincia Constitucional del Callao,Callao,192540,23.02,1.55,415888
Provincia Constitucional del Callao,Provincia Constitucional del Callao,Carmen de la Legua Reynoso,19291,25.17,2.09,41863
Provincia Constitucional del Callao,Provincia Constitucional del Callao,La Perla,36589,14.15,0.57,61698
Provincia Constitucional del Callao,Provincia Constitucional del Callao,La Punta,3208,8.54,0.22,4370
Provincia Constitucional del Callao,Provincia Constitucional del Callao,Ventanilla,110794,28.69,2.07,277895
Puno,Azángaro,Achaya,298,54.62,15.84,3971
Puno,Azángaro,Arapa,2173,51.81,19.3,8485
Puno,Azángaro,Asillo,5672,47.69,15.41,17215
Puno,Azángaro,Azángaro,7404,36.5,12.87,27823
Puno,Azángaro,Caminaca,1186,73.69,24.83,3828
Puno,Azángaro,Chupa,1606,25.27,19.36,13746
Puno,Azángaro,José Domingo Choquehuanca,1365,52.17,14.91,5189
Puno,Azángaro,Muñani,2644,47.26,19.16,7582
Puno,Azángaro,Potoni,2384,29.43,13.4,6592
Puno,Azángaro,Samán,4428,58.85,22.51,14314
Puno,Azángaro,San Antón,2649,47.24,13.6,9145
Puno,Azángaro,San José,1737,62.4,16.46,5984
Puno,Azángaro,San Juan de Salinas,1202,64.53,20.02,4034
Puno,Azángaro,Santiago de Pupuja,768,52.23,21.32,5792
Puno,Azángaro,Tirapata,1005,63.44,17.63,3129
Puno,Carabaya,Ajoyani,772,23.28,18.7,1938
Puno,Carabaya,Ayapata,2476,54.42,11.92,8996
Puno,Carabaya,Coasa,1415,45.79,16.92,12097
Puno,Carabaya,Corani,1671,52.31,24.59,3622
Puno,Carabaya,Crucero,2345,46.46,14.44,8474
Puno,Carabaya,Ituata,2224,49.22,13.67,6108
Puno,Carabaya,Macusani,5335,42.07,17.61,11707
Puno,Carabaya,Ollachea,1942,45.41,25.51,4919
Puno,Carabaya,San Gabán,1132,54.13,7.4,4022
Puno,Carabaya,Usicayos,3698,55.7,13.35,12063
Puno,Chucuito,Desaguadero,3146,69.33,6.39,20009
Puno,Chucuito,Huacullani,2447,59.47,9.2,14906
Puno,Chucuito,Juli,7509,54.13,13.76,23741
Puno,Chucuito,Kelluyo,3819,66.53,5.67,17869
Puno,Chucuito,Pisacoma,2643,69.9,7.29,12151
Puno,Chucuito,Pomata,5484,56.59,16.55,17787
Puno,Chucuito,Zepita,3723,67.37,14.25,19796
Puno,El Collao,Capazo,574,60.83,4.26,1830
Puno,El Collao,Conduriri,833,68.17,13.85,4277
Puno,El Collao,Ilave,12080,58.84,13.84,54138
Puno,El Collao,Pilcuyo,3598,64.67,20.93,14151
Puno,El Collao,Santa Rosa,1307,70.74,9.83,6663
Puno,Huancané,Cojata,1140,60.46,16.62,4354
Puno,Huancané,Huancané,6257,45.44,16.93,21089
Puno,Huancané,Huatasani,888,62.53,16.61,4156
Puno,Huancané,Inchupalla,1128,53.79,21.73,3586
Puno,Huancané,Pusi,1156,65.87,20.11,6516
Puno,Huancané,Rosaspata,1884,46.72,23.83,5637
Puno,Huancané,Taraco,3006,54.47,18.79,14657
Puno,Huancané,Vilque Chico,3187,59.76,29.08,9527
Puno,Lampa,Cabanilla,1943,60.9,12.96,5573
Puno,Lampa,Calapuja,291,30.23,18.88,1494
Puno,Lampa,Lampa,3689,48.22,14.04,11329
Puno,Lampa,Nicasio,763,52.79,12.68,2756
Puno,Lampa,Ocuviri,1360,29.65,7.62,2655
Puno,Lampa,Palca,2028,47.64,7.64,3027
Puno,Lampa,Paratia,2834,42.39,3.09,5257
Puno,Lampa,Pucará,1853,60.17,15.14,6060
Puno,Lampa,Santa Lucía,2223,43.06,12.74,7692
Puno,Lampa,Vilavila,786,59.69,5.89,2380
Puno,Melgar,Antauta,1949,28.38,11.31,4993
Puno,Melgar,Ayaviri,7242,38.08,10.05,22667
Puno,Melgar,Cupi,1138,43.68,9.94,2572
Puno,Melgar,Llalli,971,56.98,12.11,3907
Puno,Melgar,Macari,2277,61.08,11.13,7971
Puno,Melgar,Nuñoa,4807,46.73,21.83,11121
Puno,Melgar,Orurillo,3424,56.05,16.48,10457
Puno,Melgar,Santa Rosa,1960,42.26,18.11,6943
Puno,Melgar,Umachiri,917,34.78,12.68,4104
Puno,Moho,Conima,567,63.61,19.91,3517
Puno,Moho,Huayrapata,1004,54.06,17.38,4154
Puno,Moho,Moho,3254,47.13,20.5,17042
Puno,Moho,Tilali,498,66.36,27.91,3106
Puno,Puno,Acora,6173,53.9,15.82,28679
Puno,Puno,Amantaní,966,55.91,21.69,4255
Puno,Puno,Atuncolla,1475,50.06,15.94,5333
Puno,Puno,Capachica,1815,64.64,29.84,11387
Puno,Puno,Chucuito,1829,40.84,15.37,7913
Puno,Puno,Coata,2076,55.35,18.53,7387
Puno,Puno,Huata,818,36.59,11.08,6682
Puno,Puno,Mañazo,1551,34.12,16.62,5451
Puno,Puno,Paucarcolla,1151,47.23,18.48,4864
Puno,Puno,Pichacani,1330,46.41,18.4,5608
Puno,Puno,Platería,1723,49.42,12.54,8268
Puno,Puno,Puno,48108,29.7,4.31,125663
Puno,Puno,San Antonio,689,54.8,16.45,2570
Puno,Puno,Tiquillaca,337,22.47,29.14,2053
Puno,Puno,Vilque,726,49.03,14.82,3123
Puno,San Antonio de Putina,Ananea,2250,21.98,3.92,20572
Puno,San Antonio de Putina,Pedro Vilca Apaza,840,49.13,22.43,2523
Puno,San Antonio de Putina,Putina,2214,37.93,16.87,20792
Puno,San Antonio de Putina,Quilcapuncu,1444,57.18,18.66,5131
Puno,San Antonio de Putina,Sina,490,46,15.5,1472
Puno,San Román,Cabana,1651,58.26,16.14,4392
Puno,San Román,Cabanillas,1911,52.67,12.16,5180
Puno,San Román,Caracoto,856,54.84,24.43,6058
Puno,San Román,Juliaca,47876,47.49,4.97,225146
Puno,Sandia,Alto Inambari,3670,50.95,11.66,7537
Puno,Sandia,Cuyocuyo,2183,57.53,20.21,5355
Puno,Sandia,Limbani,837,55.37,11.4,3734
Puno,Sandia,Patambuco,1556,62.23,21.46,4266
Puno,Sandia,Phara,1114,37.66,11.28,4847
Puno,Sandia,Quiaca,1031,57.88,17.14,2232
Puno,Sandia,San Juan Del Oro,1705,51.23,8.52,9828
Puno,Sandia,San Pedro de Putina Punco,3559,63.38,4.21,10605
Puno,Sandia,Sandia,6246,54.61,17.82,11374
Puno,Sandia,Yanahuaya,826,51.24,10.38,2369
Puno,Yunguyo,Anapia,509,58.06,4.43,2294
Puno,Yunguyo,Copani,1826,62.53,21.03,5436
Puno,Yunguyo,Cuturapi,592,59.93,23.59,1598
Puno,Yunguyo,Ollaraya,935,63.85,25.04,4644
Puno,Yunguyo,Tinicachi,346,46.52,12.53,1490
Puno,Yunguyo,Unicachi,451,65.41,20.49,3571
Puno,Yunguyo,Yunguyo,10168,56.84,19.03,28367
San Martín,Bellavista,Alto Biavo,1801,49.5,12.02,5917
San Martín,Bellavista,Bajo Biavo,3102,59.6,10.3,11780
San Martín,Bellavista,Bellavista,4838,44.9,5.95,14238
San Martín,Bellavista,Huallaga,1136,53.67,10.57,2803
San Martín,Bellavista,San Pablo,3192,56.59,8.42,8919
San Martín,Bellavista,San Rafael,1838,40.16,6.1,5636
San Martín,El Dorado,Agua Blanca,1590,44.56,8.68,2552
San Martín,El Dorado,San José de Sisa,7331,52.57,11.44,13220
San Martín,El Dorado,San Martín,3496,59.32,14.29,9318
San Martín,El Dorado,Santa Rosa,3424,54.92,15.43,5934
San Martín,El Dorado,Shatoja,1240,54.62,11.85,2614
San Martín,Huallaga,Alto Saposoa,1243,57.89,9.95,2643
San Martín,Huallaga,El Eslabón,1425,76.04,6.28,2804
San Martín,Huallaga,Piscoyacu,1955,49.48,10.65,3531
San Martín,Huallaga,Sacanche,1528,60.16,7.63,2724
San Martín,Huallaga,Saposoa,6585,51.13,5.82,11982
San Martín,Huallaga,Tingo de Saposoa,497,51.32,2.81,764
San Martín,Lamas,Alonso De Alvarado,3661,45.45,14.74,14883
San Martín,Lamas,Barranquita,2507,56.74,8.04,5285
San Martín,Lamas,Caynarachi,3316,61.52,10.17,7775
San Martín,Lamas,Cuñumbuqui,2052,52.51,8.34,4461
San Martín,Lamas,Lamas,8358,43.89,11.52,13173
San Martín,Lamas,Pinto Recodo,3055,51.34,14.16,9301
San Martín,Lamas,Rumisapa,1785,35.46,12.53,2561
San Martín,Lamas,San Roque de Cumbaza,1093,50.31,16.33,1508
San Martín,Lamas,Shanao,662,46.02,19.71,2492
San Martín,Lamas,Tabalosos,5325,53.52,12.06,12645
San Martín,Lamas,Zapatero,2662,67.1,13.66,4991
San Martín,Mariscal Cáceres,Campanilla,2959,48.23,7.63,8028
San Martín,Mariscal Cáceres,Huicungo,2600,65,7.42,6219
San Martín,Mariscal Cáceres,Juanjuí,10945,43.04,4.43,27151
San Martín,Mariscal Cáceres,Pachiza,1766,44.94,9.84,4367
San Martín,Mariscal Cáceres,Pajarillo,2300,58.86,9.49,5119
San Martín,Moyobamba,Calzada,1917,33.96,7.77,4045
San Martín,Moyobamba,Habana,864,34.4,10.2,1726
San Martín,Moyobamba,Jepelacio,6354,57.4,12.8,18471
San Martín,Moyobamba,Moyobamba,25990,42.98,7.42,65048
San Martín,Moyobamba,Soritor,7146,57.48,9.92,23320
San Martín,Moyobamba,Yantalo,955,57.65,14.97,2779
San Martín,Picota,Buenos Aires,1314,64.62,9.27,3174
San Martín,Picota,Caspisapa,594,49.61,4.08,1916
San Martín,Picota,Picota,3028,42.35,3.81,8164
San Martín,Picota,Pilluana,341,56.04,2.41,890
San Martín,Picota,Pucacaca,1182,44.59,3.4,2852
San Martín,Picota,San Cristóbal,458,29.95,7.2,1286
San Martín,Picota,San Hilarión,1483,43.61,4.4,4355
San Martín,Picota,Shamboyacu,1929,59.87,13.3,7043
San Martín,Picota,Tingo de Ponasa,1442,31.69,7.1,3957
San Martín,Picota,Tres Unidos,1360,56.35,8.48,4084
San Martín,Rioja,Awajún,2564,54.85,12.15,7427
San Martín,Rioja,Elías Soplín Vargas,3578,49.39,12.82,9767
San Martín,Rioja,Nueva Cajamarca,10497,53.34,8.68,35718
San Martín,Rioja,Pardo Miguel,5003,60.55,12.36,17088
San Martín,Rioja,Posic,486,40.29,11.41,1398
San Martín,Rioja,Rioja,9537,38.93,5.95,22290
San Martín,Rioja,San Fernando,1452,41.63,10.97,3799
San Martín,Rioja,Yorongos,1218,59.51,11.19,3128
San Martín,Rioja,Yuracyacu,1773,37.16,8.01,4267
San Martín,San Martín,Alberto Leveau,625,51.87,3.9,827
San Martín,San Martín,Cacatachi,1317,50.57,4.62,2978
San Martín,San Martín,Chazuta,5211,59.77,10.91,8556
San Martín,San Martín,Chipurana,1377,44.84,8.34,1871
San Martín,San Martín,El Porvenir,1067,45.73,5.18,2062
San Martín,San Martín,Huimbayoc,3662,54.19,5.45,4351
San Martín,San Martín,Juan Guerra,1802,24.18,4.35,3224
San Martín,San Martín,La Banda de Shilcayo,11082,37.82,3.53,29111
San Martín,San Martín,Morales,10667,37.37,3.04,23561
San Martín,San Martín,Papaplaya,1543,45.51,8.93,2548
San Martín,San Martín,San Antonio,1110,44.67,6.34,1460
San Martín,San Martín,Sauce,3514,50.63,4.83,10598
San Martín,San Martín,Shapaja,1218,55.02,5.4,1690
San Martín,San Martín,Tarapoto,30098,33.24,2.05,68295
San Martín,Tocache,Nuevo Progreso,3746,52.61,10.26,11170
San Martín,Tocache,Pólvora,3683,62.14,10.01,10592
San Martín,Tocache,Shunte,509,59.7,19.76,1163
San Martín,Tocache,Tocache,8432,48.58,7.02,26973
San Martín,Tocache,Uchiza,10493,35.57,6.7,22448
Tacna,Candarave,Cairani,500,47.05,12.75,1355
Tacna,Candarave,Camilaca,517,36.1,13.14,1724
Tacna,Candarave,Candarave,1328,43.65,13.3,3174
Tacna,Candarave,Curibaya,101,36.24,3.45,203
Tacna,Candarave,Huanuara,489,46.99,6.65,823
Tacna,Candarave,Quilahuani,488,47.18,11.18,1094
Tacna,Jorge Basadre,Ilabaya,2894,15.86,4.7,4414
Tacna,Jorge Basadre,Ite,1467,10.97,2.28,3299
Tacna,Jorge Basadre,Locumba,819,17.61,4.38,2159
Tacna,Tacna,Alto de la Alianza,8672,44.55,4.22,35439
Tacna,Tacna,Calana,861,38.46,7.31,2625
Tacna,Tacna,Ciudad Nueva,6940,50.36,4.75,34231
Tacna,Tacna,Coronel Gregorio Albarracín Lanchipa,23529,39.61,2.76,68989
Tacna,Tacna,Inclán,743,25.65,5.15,4064
Tacna,Tacna,Pachia,894,41.48,6.57,1945
Tacna,Tacna,Palca,938,29.37,9.4,1510
Tacna,Tacna,Pocollay,6063,35.66,3.12,17113
Tacna,Tacna,Sama,1030,26.86,5.42,2387
Tacna,Tacna,Tacna,39482,25.42,2.37,94428
Tacna,Tarata,Estique,168,49.19,4.7,551
Tacna,Tarata,Estique-Pampa,75,46.22,2.64,412
Tacna,Tarata,Héroes Albarracín,358,55.56,4.39,559
Tacna,Tarata,Sitajara,179,52.1,9.07,560
Tacna,Tarata,Susapaya,304,48.03,9.27,848
Tacna,Tarata,Tarata,1921,37.95,8.38,3626
Tacna,Tarata,Tarucachi,134,46.33,4.56,434
Tacna,Tarata,Ticaco,380,45.6,8.89,815
Tumbes,Contralmirante Villar,Canoas de Punta Sal,2120,38.06,4.97,4429
Tumbes,Contralmirante Villar,Casitas,999,35.74,5.89,2233
Tumbes,Contralmirante Villar,Zorritos,5826,35.2,2.48,10252
Tumbes,Tumbes,Corrales,10727,34.16,4.25,20984
Tumbes,Tumbes,La Cruz,4724,32.05,2.86,8090
Tumbes,Tumbes,Pampas de Hospital,3065,41.2,7.89,6313
Tumbes,Tumbes,San Jacinto,4664,37.66,4.95,7979
Tumbes,Tumbes,San Juan de La Virgen,2286,32,4.32,3848
Tumbes,Tumbes,Tumbes,45512,37.33,2.58,95124
Tumbes,Zarumilla,Aguas Verdes,5088,54.52,4.9,16058
Tumbes,Zarumilla,Matapalo,725,56.46,9.64,1568
Tumbes,Zarumilla,Papayal,3133,49.58,4.24,4965
Tumbes,Zarumilla,Zarumilla,7895,39.9,2.32,18463
Ucayali,Atalaya,Raymondi,14883,25.43,22.45,28348
Ucayali,Atalaya,Sepahua,3944,33.85,10.31,6670
Ucayali,Atalaya,Tahuanía,3486,51.19,19.6,7284
Ucayali,Atalaya,Yurúa,604,4.88,38.48,1631
Ucayali,Coronel Portillo,Callería,54333,38.46,1.57,136478
Ucayali,Coronel Portillo,Campoverde,5587,45.82,3.5,13515
Ucayali,Coronel Portillo,Iparía,6940,59.2,11.4,10774
Ucayali,Coronel Portillo,Manantay,26046,45.91,2.28,70745
Ucayali,Coronel Portillo,Masisea,6677,55.72,7.45,11651
Ucayali,Coronel Portillo,Nueva Requena,2202,53.02,6.26,5122
Ucayali,Coronel Portillo,Yarinacocha,38300,39.04,2.17,85605
Ucayali,Padre Abad,Curimaná,2329,50.95,6.32,6047
Ucayali,Padre Abad,Irazola,6272,50.65,8.97,18910
Ucayali,Padre Abad,Padre Abad,9957,47.08,7.38,25633
Ucayali,Purús,Purus,2881,41.87,19.33,3746
